system,fn_hz,zeta,hr,sbp_true,sbp_dev,dbp_true,dbp_dev,map_true,map_dev,pp_true,pp_dev
optimal,25.0,0.65,65.34939458805349,137.31764780519833,138.77161970322248,93.23912333391722,95.15407265093025,106.19488375753384,106.19488375753383,44.07852447128111,43.61754705229224
underdamped,10.0,0.15,65.34939458805349,137.31764780519833,144.4273271526711,93.23912333391722,92.00542996893113,106.19488375753384,106.19488375753383,44.07852447128111,52.42189718373997
overdamped,8.0,0.8,65.34939458805349,137.31764780519833,136.544696820513,93.23912333391722,95.33916954697457,106.19488375753384,106.19488375753383,44.07852447128111,41.20552727353842
optimal,25.0,0.65,75.02419776858699,110.57584453663321,111.11005508763078,72.38994559812295,72.19133928849016,83.61371871988682,83.61371871988682,38.18589893851026,38.91871579914063
underdamped,10.0,0.15,75.02419776858699,110.57584453663321,118.4402919178942,72.38994559812295,72.84951330632026,83.61371871988682,83.6137187198868,38.18589893851026,45.59077861157394
overdamped,8.0,0.8,75.02419776858699,110.57584453663321,107.44611700024386,72.38994559812295,73.20526446663132,83.61371871988682,83.6137187198868,38.18589893851026,34.24085253361254
optimal,25.0,0.65,70.01242108750114,128.6381349612211,127.40551994725274,91.91697438089112,91.3852222997471,102.7102249413966,102.7102249413966,36.72116058032999,36.02029764750564
underdamped,10.0,0.15,70.01242108750114,128.6381349612211,133.0619432627851,91.91697438089112,89.46629683731277,102.7102249413966,102.7102249413966,36.72116058032999,43.595646425472324
overdamped,8.0,0.8,70.01242108750114,128.6381349612211,126.4918691091809,91.91697438089112,91.30600200268356,102.7102249413966,102.7102249413966,36.72116058032999,35.18586710649734
optimal,25.0,0.65,85.4221036330213,101.18885147327246,101.58356757464833,64.70683183697388,65.12185873589706,75.42979300336938,75.42979300336938,36.48201963629859,36.461708838751264
underdamped,10.0,0.15,85.4221036330213,101.18885147327246,109.5084455176884,64.70683183697388,62.565663609747226,75.42979300336938,75.42979300336938,36.48201963629859,46.942781907941175
overdamped,8.0,0.8,85.4221036330213,101.18885147327246,97.92039943763474,64.70683183697388,64.96888864564121,75.42979300336938,75.42979300336938,36.48201963629859,32.95151079199353
optimal,25.0,0.65,72.679810044025,112.5684052788423,111.692378738709,54.92187374130918,55.36304785168693,71.86560452202856,71.86560452202856,57.64653153753313,56.32933088702207
underdamped,10.0,0.15,72.679810044025,112.5684052788423,120.97554129073418,54.92187374130918,51.384994478038834,71.86560452202856,71.86560452202856,57.64653153753313,69.59054681269535
overdamped,8.0,0.8,72.679810044025,112.5684052788423,105.58741325889537,54.92187374130918,55.04603347685532,71.86560452202856,71.86560452202856,57.64653153753313,50.541379782040046
optimal,25.0,0.65,86.52825664961881,102.29335774363874,104.18951031608638,62.4662941446514,63.09905767811212,74.17244584899916,74.17244584899916,39.82706359898734,41.090452637974266
underdamped,10.0,0.15,86.52825664961881,102.29335774363874,109.25982814696913,62.4662941446514,60.454774649990625,74.17244584899916,74.17244584899916,39.82706359898734,48.8050534969785
overdamped,8.0,0.8,86.52825664961881,102.29335774363874,96.34408594894956,62.4662941446514,61.941595596344015,74.17244584899916,74.17244584899916,39.82706359898734,34.40249035260554
optimal,25.0,0.65,62.78376419023469,114.87257229473154,111.87336553828906,84.05338447915364,82.36672948916558,93.11190035686235,93.11190035686234,30.819187815577905,29.506636049123486
underdamped,10.0,0.15,62.78376419023469,114.87257229473154,118.85859908369778,84.05338447915364,82.29496426743074,93.11190035686235,93.11190035686235,30.819187815577905,36.56363481626704
overdamped,8.0,0.8,62.78376419023469,114.87257229473154,113.00723547741957,84.05338447915364,83.90487012771167,93.11190035686235,93.11190035686234,30.819187815577905,29.102365349707895
optimal,25.0,0.65,79.29360879127856,143.34495600320037,145.99721939872396,91.04136698400994,90.92581081635481,106.41467579495799,106.414675794958,52.303589019190426,55.071408582369145
underdamped,10.0,0.15,79.29360879127856,143.34495600320037,152.26752118725582,91.04136698400994,86.44250821218714,106.41467579495799,106.414675794958,52.303589019190426,65.82501297506869
overdamped,8.0,0.8,79.29360879127856,143.34495600320037,138.98091035898986,91.04136698400994,90.04237242586788,106.41467579495799,106.41467579495799,52.303589019190426,48.93853793312198
optimal,25.0,0.65,93.86715487974931,149.24722903993515,146.60525263407288,91.69902762435203,92.50217365897201,108.61385676832904,108.61385676832904,57.54820141558312,54.10307897510087
underdamped,10.0,0.15,93.86715487974931,149.24722903993515,160.57437416522762,91.69902762435203,79.16367749720929,108.61385676832904,108.61385676832904,57.54820141558312,81.41069666801833
overdamped,8.0,0.8,93.86715487974931,149.24722903993515,146.03536292696504,91.69902762435203,90.58008918735652,108.61385676832904,108.61385676832904,57.54820141558312,55.455273739608515
optimal,25.0,0.65,91.55336520814416,112.42062184986794,111.19429144941985,80.27087619067268,79.76297140585446,89.72047568241891,89.72047568241891,32.14974565919526,31.431320043565393
underdamped,10.0,0.15,91.55336520814416,112.42062184986794,118.01904015953015,80.27087619067268,74.9921032126297,89.72047568241891,89.72047568241891,32.14974565919526,43.02693694690045
overdamped,8.0,0.8,91.55336520814416,112.42062184986794,106.86990598453913,80.27087619067268,80.90369640518362,89.72047568241891,89.72047568241891,32.14974565919526,25.966209579355507
optimal,25.0,0.65,61.778913270304166,116.94697780993627,116.90496864840857,60.62883614841391,60.754753934564704,77.18212053399668,77.18212053399668,56.31814166152236,56.150214713843866
underdamped,10.0,0.15,61.778913270304166,116.94697780993627,126.20293556396295,60.62883614841391,56.64506046683016,77.18212053399668,77.18212053399667,56.31814166152236,69.5578750971328
overdamped,8.0,0.8,61.778913270304166,116.94697780993627,112.23260048268303,60.62883614841391,59.88498778070441,77.18212053399668,77.18212053399668,56.31814166152236,52.34761270197862
optimal,25.0,0.65,66.2264963408415,113.20708186768218,112.81235060696942,53.78270486223268,54.45738553745556,71.24898807021275,71.24898807021275,59.4243770054495,58.35496506951386
underdamped,10.0,0.15,66.2264963408415,113.20708186768218,122.90300600232372,53.78270486223268,48.80125662389586,71.24898807021275,71.24898807021275,59.4243770054495,74.10174937842785
overdamped,8.0,0.8,66.2264963408415,113.20708186768218,113.52217071664762,53.78270486223268,56.56895210852119,71.24898807021275,71.24898807021275,59.4243770054495,56.953218608126434
optimal,25.0,0.65,87.59215067906715,120.05287179264388,119.65803340777667,70.14080815321469,70.96504783201853,84.81118894561322,84.81118894561321,49.91206363942919,48.692985575758144
underdamped,10.0,0.15,87.59215067906715,120.05287179264388,129.81575949069295,70.14080815321469,62.66233693760507,84.81118894561322,84.81118894561321,49.91206363942919,67.15342255308789
overdamped,8.0,0.8,87.59215067906715,120.05287179264388,115.2333810033047,70.14080815321469,71.12204119123739,84.81118894561322,84.81118894561321,49.91206363942919,44.111339812067314
optimal,25.0,0.65,62.611821990097035,121.7863466115285,121.61845309373243,64.79791573497164,62.99099270393805,81.54821457574968,81.54821457574967,56.98843087655686,58.62746038979438
underdamped,10.0,0.15,62.611821990097035,121.7863466115285,130.06791807723758,64.79791573497164,61.99072377584891,81.54821457574968,81.54821457574967,56.98843087655686,68.07719430138866
overdamped,8.0,0.8,62.611821990097035,121.7863466115285,117.4894500676861,64.79791573497164,63.951348039078326,81.54821457574968,81.54821457574967,56.98843087655686,53.53810202860778
optimal,25.0,0.65,75.96540676575012,102.31403162436013,101.30916889884655,66.353169224951,65.11194322694752,76.92294948556159,76.92294948556159,35.96086239940912,36.197225671899034
underdamped,10.0,0.15,75.96540676575012,102.31403162436013,106.65506214118639,66.353169224951,62.27697842005769,76.92294948556159,76.92294948556157,35.96086239940912,44.378083721128704
overdamped,8.0,0.8,75.96540676575012,102.31403162436013,99.07598195633658,66.353169224951,65.4819096277669,76.92294948556159,76.92294948556157,35.96086239940912,33.59407232856968
optimal,25.0,0.65,63.33123097025681,103.91067588448459,106.06038552354717,65.97255539257674,65.8399883636606,77.12350034618336,77.12350034618336,37.93812049190785,40.22039715988657
underdamped,10.0,0.15,63.33123097025681,103.91067588448459,108.61877903162002,65.97255539257674,63.8645137084415,77.12350034618336,77.12350034618335,37.93812049190785,44.75426532317852
overdamped,8.0,0.8,63.33123097025681,103.91067588448459,103.01693032381793,65.97255539257674,69.15417057327018,77.12350034618336,77.12350034618336,37.93812049190785,33.86275975054775
optimal,25.0,0.65,71.39645606674439,134.41823950619457,132.74923160324772,81.10718066791671,80.7345590470861,96.7766095910211,96.77660959102109,53.31105883827786,52.01467255616163
underdamped,10.0,0.15,71.39645606674439,134.41823950619457,143.95979951229546,81.10718066791671,78.58117525444828,96.7766095910211,96.7766095910211,53.31105883827786,65.37862425784718
overdamped,8.0,0.8,71.39645606674439,134.41823950619457,130.21750162942163,81.10718066791671,82.7190146536576,96.7766095910211,96.77660959102109,53.31105883827786,47.49848697576404
optimal,25.0,0.65,84.03473599256407,123.15185271822061,122.13794603581272,71.65561374569884,72.26924885003672,86.79162255833481,86.79162255833481,51.496238972521766,49.868697185776
underdamped,10.0,0.15,84.03473599256407,123.15185271822061,133.95672948318904,71.65561374569884,67.35160283564502,86.79162255833481,86.7916225583348,51.496238972521766,66.60512664754401
overdamped,8.0,0.8,84.03473599256407,123.15185271822061,115.70936786251653,71.65561374569884,69.78215099118734,86.79162255833481,86.79162255833481,51.496238972521766,45.92721687132919
optimal,25.0,0.65,88.83926085908794,128.57895733746216,130.76006755907363,90.13210355260085,89.52536590121049,101.43257770987482,101.43257770987482,38.446853784861304,41.23470165786314
underdamped,10.0,0.15,88.83926085908794,128.57895733746216,138.10630530307515,90.13210355260085,87.02365274926834,101.43257770987482,101.43257770987482,38.446853784861304,51.08265255380681
overdamped,8.0,0.8,88.83926085908794,128.57895733746216,124.91384720326894,90.13210355260085,89.62456564617642,101.43257770987482,101.43257770987482,38.446853784861304,35.28928155709252
optimal,25.0,0.65,83.07303728390747,124.54999120994513,127.22969635663675,86.4960572399452,83.97647209216944,97.6810426178624,97.6810426178624,38.05393396999993,43.253224264467306
underdamped,10.0,0.15,83.07303728390747,124.54999120994513,132.55308477040725,86.4960572399452,83.77603935667608,97.6810426178624,97.6810426178624,38.05393396999993,48.77704541373117
overdamped,8.0,0.8,83.07303728390747,124.54999120994513,120.90434214839341,86.4960572399452,84.15066881349244,97.6810426178624,97.6810426178624,38.05393396999993,36.75367333490097
optimal,25.0,0.65,69.76449354223021,104.91839642439191,104.54738594565926,71.77392417947486,70.93131497548416,81.51589823425826,81.51589823425826,33.144472244917054,33.6160709701751
underdamped,10.0,0.15,69.76449354223021,104.91839642439191,109.0869527873464,71.77392417947486,69.93584380352489,81.51589823425826,81.51589823425826,33.144472244917054,39.151108983821516
overdamped,8.0,0.8,69.76449354223021,104.91839642439191,103.38179853727455,71.77392417947486,73.33188878037335,81.51589823425826,81.51589823425826,33.144472244917054,30.0499097569012
optimal,25.0,0.65,61.965508049208324,116.84533176442461,114.75407674017374,73.97154870764072,71.72044894185707,86.57320605439948,86.57320605439948,42.87378305678389,43.03362779831667
underdamped,10.0,0.15,61.965508049208324,116.84533176442461,124.28454082563881,73.97154870764072,73.41092032953783,86.57320605439948,86.57320605439948,42.87378305678389,50.87362049610098
overdamped,8.0,0.8,61.965508049208324,116.84533176442461,118.62477573963294,73.97154870764072,73.4204589062324,86.57320605439948,86.57320605439948,42.87378305678389,45.20431683340054
optimal,25.0,0.65,70.08061296135874,131.52665957425975,132.10985200553867,75.28918656590544,72.76583933809533,91.81876045399135,91.81876045399136,56.237473008354314,59.34401266744334
underdamped,10.0,0.15,70.08061296135874,131.52665957425975,140.7418485648309,75.28918656590544,73.5069682847085,91.81876045399135,91.81876045399136,56.237473008354314,67.23488028012238
overdamped,8.0,0.8,70.08061296135874,131.52665957425975,126.06781479159484,75.28918656590544,74.97335848931773,91.81876045399135,91.81876045399136,56.237473008354314,51.09445630227711
optimal,25.0,0.65,86.00266590208601,116.72881050078284,118.98279091431067,74.77064824438688,74.07793993658477,87.1031821603821,87.10318216038209,41.958162256395966,44.9048509777259
underdamped,10.0,0.15,86.00266590208601,116.72881050078284,126.54795625316913,74.77064824438688,69.24172012971772,87.1031821603821,87.1031821603821,41.958162256395966,57.30623612345141
overdamped,8.0,0.8,86.00266590208601,116.72881050078284,116.28813147592774,74.77064824438688,77.11571077226911,87.1031821603821,87.1031821603821,41.958162256395966,39.17242070365863
optimal,25.0,0.65,84.70481318581054,132.81317041070352,134.38404222375533,98.67609700195504,96.11306269530081,108.70982090610516,108.70982090610515,34.13707340874848,38.27097952845452
underdamped,10.0,0.15,84.70481318581054,132.81317041070352,139.1301658639871,98.67609700195504,96.67555313599075,108.70982090610516,108.70982090610516,34.13707340874848,42.454612727996334
overdamped,8.0,0.8,84.70481318581054,132.81317041070352,130.59495984078492,98.67609700195504,96.82092847056762,108.70982090610516,108.70982090610516,34.13707340874848,33.7740313702173
optimal,25.0,0.65,79.2823562243471,145.62885381336486,142.70498489400418,91.22931366300412,88.48233903335354,107.21867396480332,107.21867396480332,54.399540150360735,54.222645860650644
underdamped,10.0,0.15,79.2823562243471,145.62885381336486,153.067476776735,91.22931366300412,87.55970939615007,107.21867396480332,107.21867396480332,54.399540150360735,65.50776738058492
overdamped,8.0,0.8,79.2823562243471,145.62885381336486,141.8010071255265,91.22931366300412,90.0267977269072,107.21867396480332,107.21867396480332,54.399540150360735,51.77420939861929
optimal,25.0,0.65,91.6876747080708,113.90093491817048,115.43664109312611,74.83444613607412,73.38828557347138,86.31704623042424,86.31704623042424,39.06648878209636,42.048355519654734
underdamped,10.0,0.15,91.6876747080708,113.90093491817048,120.41736739305396,74.83444613607412,67.55828640446073,86.31704623042424,86.31704623042424,39.06648878209636,52.859080988593234
overdamped,8.0,0.8,91.6876747080708,113.90093491817048,109.9651160501552,74.83444613607412,76.20064630988715,86.31704623042424,86.31704623042424,39.06648878209636,33.764469740268055
optimal,25.0,0.65,58.12770232835406,97.06576985171685,94.25879381644693,59.933515974037824,58.42241991611238,70.8475969465431,70.8475969465431,37.13225387767903,35.83637390033454
underdamped,10.0,0.15,58.12770232835406,97.06576985171685,100.97580673850945,59.933515974037824,55.882605598021826,70.8475969465431,70.8475969465431,37.13225387767903,45.09320114048762
overdamped,8.0,0.8,58.12770232835406,97.06576985171685,94.70468669288637,59.933515974037824,56.643604220097494,70.8475969465431,70.84759694654312,37.13225387767903,38.061082472788875
optimal,25.0,0.65,85.10974631502621,124.10213666872619,122.69632887448641,91.53079582324798,91.81766913559804,101.10431248996206,101.10431248996206,32.571340845478204,30.878659738888373
underdamped,10.0,0.15,85.10974631502621,124.10213666872619,131.12042037945068,91.53079582324798,90.07391573074231,101.10431248996206,101.10431248996206,32.571340845478204,41.046504648708364
overdamped,8.0,0.8,85.10974631502621,124.10213666872619,120.83747647348032,91.53079582324798,91.1853021977699,101.10431248996206,101.10431248996206,32.571340845478204,29.652174275710422
optimal,25.0,0.65,81.77341209892283,122.76877551540639,123.04138522395509,65.3959019900534,66.15437556290388,82.25919796297609,82.25919796297609,57.372873525352986,56.88700966105121
underdamped,10.0,0.15,81.77341209892283,122.76877551540639,131.31816335243445,65.3959019900534,64.03115102277373,82.25919796297609,82.25919796297609,57.372873525352986,67.28701232966073
overdamped,8.0,0.8,81.77341209892283,122.76877551540639,118.50480838577147,65.3959019900534,64.98221502910214,82.25919796297609,82.2591979629761,57.372873525352986,53.52259335666933
optimal,25.0,0.65,84.36273373390497,109.0210531549919,107.02850723488208,59.99640156146344,61.561912347117726,74.40595016853752,74.40595016853752,49.02465159352846,45.46659488776436
underdamped,10.0,0.15,84.36273373390497,109.0210531549919,118.07842387112564,59.99640156146344,56.72889998813455,74.40595016853752,74.40595016853752,49.02465159352846,61.349523882991086
overdamped,8.0,0.8,84.36273373390497,109.0210531549919,104.2637061740364,59.99640156146344,60.38337044493678,74.40595016853752,74.40595016853753,49.02465159352846,43.88033572909962
optimal,25.0,0.65,67.19638474811988,131.17730432479354,131.73770059063236,72.48180348829754,73.68382064655154,89.73385209707732,89.73385209707732,58.695500836495995,58.05387994408082
underdamped,10.0,0.15,67.19638474811988,131.17730432479354,142.41187963053954,72.48180348829754,69.99168342804772,89.73385209707732,89.73385209707732,58.695500836495995,72.42019620249182
overdamped,8.0,0.8,67.19638474811988,131.17730432479354,129.05347488343898,72.48180348829754,70.85301786929314,89.73385209707732,89.73385209707732,58.695500836495995,58.20045701414584
optimal,25.0,0.65,73.11607372174626,109.79878329812715,110.05010374577613,72.69329161492055,72.45245890212207,83.59950652148662,83.59950652148662,37.105491683206594,37.59764484365405
underdamped,10.0,0.15,73.11607372174626,109.79878329812715,118.2409915920691,72.69329161492055,70.44259448514508,83.59950652148662,83.59950652148662,37.105491683206594,47.798397106924014
overdamped,8.0,0.8,73.11607372174626,109.79878329812715,105.88058556526325,72.69329161492055,74.33730511021643,83.59950652148662,83.59950652148662,37.105491683206594,31.543280455046812
optimal,25.0,0.65,77.63586077775369,106.15063837337158,107.00441516562147,55.72568172597272,56.18270097486197,70.54681436439849,70.54681436439849,50.42495664739886,50.821714190759494
underdamped,10.0,0.15,77.63586077775369,106.15063837337158,116.11467919529264,55.72568172597272,52.74653154819721,70.54681436439849,70.54681436439849,50.42495664739886,63.36814764709543
overdamped,8.0,0.8,77.63586077775369,106.15063837337158,101.05608387141031,55.72568172597272,56.00632272598311,70.54681436439849,70.54681436439849,50.42495664739886,45.0497611454272
optimal,25.0,0.65,87.503713844555,102.91651985543113,101.36091211543382,71.91398552981276,72.20492527258276,81.02639144778672,81.02639144778672,31.00253432561837,29.155986842851064
underdamped,10.0,0.15,87.503713844555,102.91651985543113,110.55581169135128,71.91398552981276,70.26036945810475,81.02639144778672,81.02639144778672,31.00253432561837,40.29544223324653
overdamped,8.0,0.8,87.503713844555,102.91651985543113,99.79836249186958,71.91398552981276,72.47811154436953,81.02639144778672,81.02639144778672,31.00253432561837,27.320250947500057
optimal,25.0,0.65,82.62242889890693,134.33156092907947,134.9077865020564,86.09566969006153,88.36774441656571,100.2733822657062,100.2733822657062,48.235891239017946,46.5400420854907
underdamped,10.0,0.15,82.62242889890693,134.33156092907947,143.9731843339503,86.09566969006153,85.15177190781117,100.2733822657062,100.2733822657062,48.235891239017946,58.82141242613912
overdamped,8.0,0.8,82.62242889890693,134.33156092907947,130.42749296595406,86.09566969006153,84.6025683180232,100.2733822657062,100.2733822657062,48.235891239017946,45.82492464793086
optimal,25.0,0.65,73.14725952750132,121.38292408741455,121.18295102521323,66.41922692058894,66.48145982699309,82.57440681898973,82.57440681898973,54.96369716682561,54.70149119822014
underdamped,10.0,0.15,73.14725952750132,121.38292408741455,131.90851576946662,66.41922692058894,65.78128195869155,82.57440681898973,82.57440681898973,54.96369716682561,66.12723381077507
overdamped,8.0,0.8,73.14725952750132,121.38292408741455,116.78906999316472,66.41922692058894,66.6091056005556,82.57440681898973,82.57440681898973,54.96369716682561,50.17996439260912
optimal,25.0,0.65,73.180886496919,114.1173355067134,116.52174156653665,73.03600692742312,71.63008386418528,85.11081790037059,85.11081790037059,41.081328579290286,44.89165770235137
underdamped,10.0,0.15,73.180886496919,114.1173355067134,122.58991766816327,73.03600692742312,69.25430056110895,85.11081790037059,85.11081790037059,41.081328579290286,53.33561710705432
overdamped,8.0,0.8,73.180886496919,114.1173355067134,111.98907942446236,73.03600692742312,70.93946605005142,85.11081790037059,85.11081790037059,41.081328579290286,41.04961337441094
optimal,25.0,0.65,85.09853487148023,124.44426608385363,123.24538311951818,85.63360249285009,85.96131919114586,97.04100928329812,97.04100928329814,38.81066359100355,37.28406392837232
underdamped,10.0,0.15,85.09853487148023,124.44426608385363,133.46476663527633,85.63360249285009,80.11712869618961,97.04100928329812,97.04100928329814,38.81066359100355,53.347637939086724
overdamped,8.0,0.8,85.09853487148023,124.44426608385363,121.11461682276378,85.63360249285009,84.67875495069725,97.04100928329812,97.04100928329812,38.81066359100355,36.435861872066525
optimal,25.0,0.65,63.6054303591757,146.67183644270455,146.55120583985212,89.25744413569217,91.68337352562078,106.13294349778707,106.13294349778707,57.41439230701238,54.867832314231336
underdamped,10.0,0.15,63.6054303591757,146.67183644270455,155.4445186575203,89.25744413569217,87.34203377650493,106.13294349778707,106.13294349778707,57.41439230701238,68.10248488101536
overdamped,8.0,0.8,63.6054303591757,146.67183644270455,142.98529461460578,89.25744413569217,89.10216164180459,106.13294349778707,106.13294349778707,57.41439230701238,53.88313297280119
optimal,25.0,0.65,82.0360123529046,109.45548209315291,109.6818153307771,63.55334833075597,60.91880021163851,77.0451122927254,77.04511229272542,45.902133762396936,48.763015119138586
underdamped,10.0,0.15,82.0360123529046,109.45548209315291,115.98193247607634,63.55334833075597,61.05699517937339,77.0451122927254,77.0451122927254,45.902133762396936,54.92493729670295
overdamped,8.0,0.8,82.0360123529046,109.45548209315291,106.76691362256861,63.55334833075597,63.293027215471305,77.0451122927254,77.04511229272542,45.902133762396936,43.473886407097304
optimal,25.0,0.65,77.81197355092846,113.56350611342208,113.31436605966182,77.66246323753069,76.13223278727143,88.2146610716729,88.2146610716729,35.90104287589139,37.18213327239039
underdamped,10.0,0.15,77.81197355092846,113.56350611342208,120.7178742118794,77.66246323753069,76.80581942509713,88.2146610716729,88.2146610716729,35.90104287589139,43.91205478678228
overdamped,8.0,0.8,77.81197355092846,113.56350611342208,109.39045243392557,77.66246323753069,75.58333763887998,88.2146610716729,88.2146610716729,35.90104287589139,33.80711479504559
optimal,25.0,0.65,61.15239357178488,97.59829003186753,96.07942956032517,58.81976725712685,57.801950643760954,70.21772707265194,70.21772707265194,38.778522774740686,38.27747891656421
underdamped,10.0,0.15,61.15239357178488,97.59829003186753,103.71292917064112,58.81976725712685,56.61823648849528,70.21772707265194,70.21772707265194,38.778522774740686,47.09469268214584
overdamped,8.0,0.8,61.15239357178488,97.59829003186753,95.34597111995299,58.81976725712685,58.96550146074005,70.21772707265194,70.21772707265194,38.778522774740686,36.38046965921294
optimal,25.0,0.65,78.19754759082335,135.870370956702,135.71994335828933,78.27425999977947,76.87709741351898,95.20317093408508,95.20317093408508,57.59611095692253,58.842845944770346
underdamped,10.0,0.15,78.19754759082335,135.870370956702,142.25888619271961,78.27425999977947,75.9657477570794,95.20317093408508,95.20317093408508,57.59611095692253,66.29313843564022
overdamped,8.0,0.8,78.19754759082335,135.870370956702,133.59305916871065,78.27425999977947,76.22935632925089,95.20317093408508,95.20317093408507,57.59611095692253,57.36370283945976
optimal,25.0,0.65,92.94037926857203,141.36515441495192,143.29445801079783,88.08128454903367,86.55942962448418,103.74272196570085,103.74272196570085,53.28386986591825,56.735028386313644
underdamped,10.0,0.15,92.94037926857203,141.36515441495192,150.16711289301594,88.08128454903367,77.52946828666032,103.74272196570085,103.74272196570084,53.28386986591825,72.63764460635562
overdamped,8.0,0.8,92.94037926857203,141.36515441495192,133.01007378124083,88.08128454903367,87.2219684416071,103.74272196570085,103.74272196570082,53.28386986591825,45.78810533963373
optimal,25.0,0.65,57.29296097289348,146.75001820079498,149.59966202461956,91.36697723305592,91.22629764791066,107.6454125689953,107.6454125689953,55.38304096773906,58.373364376708906
underdamped,10.0,0.15,57.29296097289348,146.75001820079498,156.56750784617356,91.36697723305592,87.31963040906845,107.6454125689953,107.6454125689953,55.38304096773906,69.2478774371051
overdamped,8.0,0.8,57.29296097289348,146.75001820079498,142.36732968282246,91.36697723305592,89.54544287092945,107.6454125689953,107.6454125689953,55.38304096773906,52.82188681189301
optimal,25.0,0.65,85.97646356443514,126.69459725358023,129.40086859534182,88.98662352746183,88.71678160633965,100.06992269674141,100.06992269674141,37.7079737261184,40.68408698900217
underdamped,10.0,0.15,85.97646356443514,126.69459725358023,131.56709511356289,88.98662352746183,87.60729172288225,100.06992269674141,100.06992269674141,37.7079737261184,43.959803390680634
overdamped,8.0,0.8,85.97646356443514,126.69459725358023,122.08928813999879,88.98662352746183,90.14453185305483,100.06992269674141,100.06992269674141,37.7079737261184,31.944756286943957
optimal,25.0,0.65,77.96214545271633,130.11516527601987,129.95972524420938,88.14666835023792,86.63705199958508,100.48223987927096,100.48223987927095,41.96849692578195,43.3226732446243
underdamped,10.0,0.15,77.96214545271633,130.11516527601987,138.06412220237252,88.14666835023792,88.4385161005527,100.48223987927096,100.48223987927095,41.96849692578195,49.62560610181981
overdamped,8.0,0.8,77.96214545271633,130.11516527601987,126.59154184560444,88.14666835023792,88.98934012638199,100.48223987927096,100.48223987927095,41.96849692578195,37.60220171922245
optimal,25.0,0.65,68.45624053394458,106.04609171087303,107.42692662794889,75.80550454247488,80.56501413898295,84.69395548593891,84.6939554859389,30.24058716839815,26.86191248896594
underdamped,10.0,0.15,68.45624053394458,106.04609171087303,110.04183893782715,75.80550454247488,75.48535897285163,84.69395548593891,84.6939554859389,30.24058716839815,34.55647996497552
overdamped,8.0,0.8,68.45624053394458,106.04609171087303,104.42443310695873,75.80550454247488,76.37735941468317,84.69395548593891,84.6939554859389,30.24058716839815,28.04707369227556
optimal,25.0,0.65,70.69313994540525,133.7235570450451,136.68805826827554,86.86331948974716,87.64224530195277,100.6366936768926,100.6366936768926,46.86023755529796,49.04581296632277
underdamped,10.0,0.15,70.69313994540525,133.7235570450451,139.53481809638777,86.86331948974716,83.70159184931283,100.6366936768926,100.6366936768926,46.86023755529796,55.83322624707493
overdamped,8.0,0.8,70.69313994540525,133.7235570450451,131.68762432482828,86.86331948974716,85.50670758808873,100.6366936768926,100.63669367689259,46.86023755529796,46.18091673673955
optimal,25.0,0.65,69.96616012423256,118.78453462254342,119.31513627350463,83.10513020758081,81.08591136522772,93.59218305706449,93.59218305706449,35.679404414962605,38.22922490827692
underdamped,10.0,0.15,69.96616012423256,118.78453462254342,124.50137033744235,83.10513020758081,81.02740968492384,93.59218305706449,93.59218305706449,35.679404414962605,43.473960652518514
overdamped,8.0,0.8,69.96616012423256,118.78453462254342,114.70944234429199,83.10513020758081,82.91651231902526,93.59218305706449,93.59218305706449,35.679404414962605,31.792930025266728
optimal,25.0,0.65,68.49222774093538,104.90715510752074,105.5974116969257,56.93881839862381,54.46214348039649,71.03789012968308,71.03789012968306,47.96833670889693,51.13526821652921
underdamped,10.0,0.15,68.49222774093538,104.90715510752074,114.72127585643625,56.93881839862381,54.18376042522538,71.03789012968308,71.03789012968306,47.96833670889693,60.53751543121087
overdamped,8.0,0.8,68.49222774093538,104.90715510752074,102.84165646425522,56.93881839862381,58.00519224505497,71.03789012968308,71.03789012968308,47.96833670889693,44.83646421920025
optimal,25.0,0.65,76.61484509133818,121.76611346869464,123.44012246428191,88.54873222193746,89.30114766727985,98.31213602220113,98.31213602220113,33.217381246757185,34.138974797002064
underdamped,10.0,0.15,76.61484509133818,121.76611346869464,131.63361556707434,88.54873222193746,85.70572540962303,98.31213602220113,98.31213602220113,33.217381246757185,45.927890157451316
overdamped,8.0,0.8,76.61484509133818,121.76611346869464,119.72586384759632,88.54873222193746,86.7329237175583,98.31213602220113,98.31213602220113,33.217381246757185,32.99294013003802
optimal,25.0,0.65,76.31043416464728,119.44650801251247,117.62801945410402,81.55875425663892,80.83514385351005,92.69489519007456,92.69489519007456,37.88775375587355,36.79287560059397
underdamped,10.0,0.15,76.31043416464728,119.44650801251247,127.85156755784665,81.55875425663892,80.70497583942957,92.69489519007456,92.69489519007456,37.88775375587355,47.146591718417085
overdamped,8.0,0.8,76.31043416464728,119.44650801251247,116.88908784160823,81.55875425663892,80.36898290457745,92.69489519007456,92.69489519007456,37.88775375587355,36.52010493703078
optimal,25.0,0.65,93.5422382288152,135.15528996690395,136.25231386223706,82.8490152429511,79.29334058105002,98.22311344846007,98.22311344846007,52.30627472395285,56.95897328118704
underdamped,10.0,0.15,93.5422382288152,135.15528996690395,141.80028109580869,82.8490152429511,71.07323817690447,98.22311344846007,98.22311344846007,52.30627472395285,70.72704291890422
overdamped,8.0,0.8,93.5422382288152,135.15528996690395,128.33412532316675,82.8490152429511,83.94319573819051,98.22311344846007,98.22311344846007,52.30627472395285,44.390929584976234
optimal,25.0,0.65,82.51901102488856,133.1031590651677,130.61202363594478,90.08067615243674,88.47116156456427,102.72604003728371,102.72604003728371,43.02248291273095,42.14086207138051
underdamped,10.0,0.15,82.51901102488856,133.1031590651677,142.03390328157593,90.08067615243674,87.41828391997466,102.72604003728371,102.72604003728371,43.02248291273095,54.615619361601276
overdamped,8.0,0.8,82.51901102488856,133.1031590651677,127.25439818983737,90.08067615243674,93.31173025178681,102.72604003728371,102.72604003728371,43.02248291273095,33.94266793805056
optimal,25.0,0.65,87.42537116103372,144.82871185693634,144.68769541551697,85.67774219107712,90.01907716752017,103.06366427008841,103.0636642700884,59.15096966585922,54.668618247996804
underdamped,10.0,0.15,87.42537116103372,144.82871185693634,156.28249510832032,85.67774219107712,79.72976779853816,103.06366427008841,103.06366427008841,59.15096966585922,76.55272730978216
overdamped,8.0,0.8,87.42537116103372,144.82871185693634,139.14266030659203,85.67774219107712,87.40910031763907,103.06366427008841,103.06366427008841,59.15096966585922,51.73355998895296
optimal,25.0,0.65,57.96970787210901,133.01322750823246,135.24206219877507,85.26837894067666,86.96186241572897,99.30176202059648,99.30176202059646,47.744848567555806,48.2801997830461
underdamped,10.0,0.15,57.96970787210901,133.01322750823246,136.84541426701256,85.26837894067666,82.47379276079437,99.30176202059648,99.30176202059648,47.744848567555806,54.37162150621819
overdamped,8.0,0.8,57.96970787210901,133.01322750823246,130.30291324511833,85.26837894067666,84.59935235118996,99.30176202059648,99.30176202059648,47.744848567555806,45.70356089392837
optimal,25.0,0.65,72.27476678254662,130.89853345059993,129.79918268640014,77.30596984860087,76.00456148942071,93.05813993240938,93.05813993240938,53.59256360199906,53.794621196979435
underdamped,10.0,0.15,72.27476678254662,130.89853345059993,138.57878230159423,77.30596984860087,73.10936852025782,93.05813993240938,93.05813993240936,53.59256360199906,65.46941378133641
overdamped,8.0,0.8,72.27476678254662,130.89853345059993,130.04048463782328,77.30596984860087,77.14481544093145,93.05813993240938,93.05813993240936,53.59256360199906,52.89566919689183
optimal,25.0,0.65,82.23122916936984,118.93229445259223,121.17344177306744,66.78279295615937,66.53626504028948,82.11081166148205,82.11081166148206,52.14950149643286,54.63717673277796
underdamped,10.0,0.15,82.23122916936984,118.93229445259223,130.2918498176236,66.78279295615937,61.4163682016848,82.11081166148205,82.11081166148205,52.14950149643286,68.87548161593881
overdamped,8.0,0.8,82.23122916936984,118.93229445259223,112.90111224859541,66.78279295615937,65.89106084505266,82.11081166148205,82.11081166148203,52.14950149643286,47.01005140354275
optimal,25.0,0.65,66.76880622323596,116.85885178289595,116.82449015636833,65.7048567005217,66.02995014478837,80.74027163211505,80.74027163211507,51.15399508237425,50.794540011579954
underdamped,10.0,0.15,66.76880622323596,116.85885178289595,124.64911459372348,65.7048567005217,60.41945971874214,80.74027163211505,80.74027163211505,51.15399508237425,64.22965487498135
overdamped,8.0,0.8,66.76880622323596,116.85885178289595,115.9056805404573,65.7048567005217,67.33718779095905,80.74027163211505,80.74027163211507,51.15399508237425,48.56849274949825
optimal,25.0,0.65,69.29455160110182,113.40846141195254,114.36579237478806,62.98640278666195,62.240436798571,77.8066836252467,77.8066836252467,50.422058625290596,52.12535557621706
underdamped,10.0,0.15,69.29455160110182,113.40846141195254,124.04572166203052,62.98640278666195,59.32283698201299,77.8066836252467,77.80668362524672,50.422058625290596,64.72288468001753
overdamped,8.0,0.8,69.29455160110182,113.40846141195254,109.59983275125428,62.98640278666195,61.70414930889005,77.8066836252467,77.80668362524672,50.422058625290596,47.89568344236423
optimal,25.0,0.65,71.37797014865205,129.35844642213306,128.65636541175746,86.90809100737,86.63041263680566,99.38529257543469,99.38529257543469,42.45035541476305,42.025952774951804
underdamped,10.0,0.15,71.37797014865205,129.35844642213306,134.4312811945768,86.90809100737,86.0371477097386,99.38529257543469,99.38529257543469,42.45035541476305,48.39413348483819
overdamped,8.0,0.8,71.37797014865205,129.35844642213306,126.12116858100042,86.90809100737,86.01780899041293,99.38529257543469,99.38529257543469,42.45035541476305,40.10335959058749
optimal,25.0,0.65,74.7744153329121,107.24902798767172,108.50251856209127,64.55848118538684,65.9866737716822,77.10628089869063,77.10628089869061,42.690546802284885,42.51584479040906
underdamped,10.0,0.15,74.7744153329121,107.24902798767172,116.37768978968626,64.55848118538684,60.84770598573576,77.10628089869063,77.10628089869063,42.690546802284885,55.5299838039505
overdamped,8.0,0.8,74.7744153329121,107.24902798767172,103.12712097150127,64.55848118538684,64.94892035616299,77.10628089869063,77.10628089869063,42.690546802284885,38.178200615338284
optimal,25.0,0.65,66.0411744691733,119.44144468453464,120.00799770575158,71.698054638811,71.14699312795872,85.73100902335916,85.73100902335916,47.74339004572364,48.861004577792855
underdamped,10.0,0.15,66.0411744691733,119.44144468453464,127.55873806942265,71.698054638811,70.05008508008034,85.73100902335916,85.73100902335916,47.74339004572364,57.50865298934231
overdamped,8.0,0.8,66.0411744691733,119.44144468453464,120.02921480855781,71.698054638811,73.53046510654757,85.73100902335916,85.73100902335916,47.74339004572364,46.498749702010244
optimal,25.0,0.65,68.21500239482486,139.43347138713227,139.59433709740375,86.24560254480697,88.48496264606312,101.87882290391583,101.87882290391582,53.1878688423253,51.10937445134063
underdamped,10.0,0.15,68.21500239482486,139.43347138713227,147.5052422589799,86.24560254480697,83.12363888096645,101.87882290391583,101.87882290391582,53.1878688423253,64.38160337801345
overdamped,8.0,0.8,68.21500239482486,139.43347138713227,136.11814153166816,86.24560254480697,85.92897734845691,101.87882290391583,101.87882290391583,53.1878688423253,50.18916418321125
optimal,25.0,0.65,81.71040623252895,147.21655157121418,147.60853325821262,92.31995960268193,93.04200760171761,108.45541563594213,108.45541563594213,54.89659196853225,54.566525656495
underdamped,10.0,0.15,81.71040623252895,147.21655157121418,155.70291493507307,92.31995960268193,91.35087082198524,108.45541563594213,108.45541563594213,54.89659196853225,64.35204411308783
overdamped,8.0,0.8,81.71040623252895,147.21655157121418,141.77154458985996,92.31995960268193,91.81751681997233,108.45541563594213,108.45541563594212,54.89659196853225,49.95402776988763
optimal,25.0,0.65,93.06064675454158,133.4417547014303,131.8955905502675,81.24970384956835,81.33605930876165,96.59022885499367,96.59022885499365,52.192050851861964,50.559531241505866
underdamped,10.0,0.15,93.06064675454158,133.4417547014303,142.56427689984218,81.24970384956835,72.92779435271605,96.59022885499367,96.59022885499365,52.192050851861964,69.63648254712614
overdamped,8.0,0.8,93.06064675454158,133.4417547014303,128.6654395851641,81.24970384956835,81.52559155881005,96.59022885499367,96.59022885499365,52.192050851861964,47.13984802635406
optimal,25.0,0.65,69.39154810562366,113.0269798754995,113.57820529330058,68.21229623767731,69.00555251839702,81.38443191227515,81.38443191227515,44.8146836378222,44.57265277490356
underdamped,10.0,0.15,69.39154810562366,113.0269798754995,121.22527996514668,68.21229623767731,65.92101452966773,81.38443191227515,81.38443191227515,44.8146836378222,55.30426543547895
overdamped,8.0,0.8,69.39154810562366,113.0269798754995,110.24805594904579,68.21229623767731,67.89422955222895,81.38443191227515,81.38443191227515,44.8146836378222,42.35382639681684
optimal,25.0,0.65,74.76959895877465,136.70481244292765,136.64291572260717,95.91859716852042,95.82539612070366,107.90666709644091,107.90666709644091,40.786215274407226,40.81751960190351
underdamped,10.0,0.15,74.76959895877465,136.70481244292765,148.035951951818,95.91859716852042,95.16551560954905,107.90666709644091,107.90666709644091,40.786215274407226,52.870436342268945
overdamped,8.0,0.8,74.76959895877465,136.70481244292765,132.87758984785017,95.91859716852042,97.24676873216173,107.90666709644091,107.90666709644091,40.786215274407226,35.63082111568845
optimal,25.0,0.65,59.45444851842681,111.37211271534937,109.92686281376851,56.10896368455897,56.29666555358735,72.35215983700795,72.35215983700795,55.2631490307904,53.630197260181156
underdamped,10.0,0.15,59.45444851842681,111.37211271534937,117.7916350028565,56.10896368455897,56.47074427448375,72.35215983700795,72.35215983700795,55.2631490307904,61.320890728372746
overdamped,8.0,0.8,59.45444851842681,111.37211271534937,109.25648246400583,56.10896368455897,56.980343988052574,72.35215983700795,72.35215983700796,55.2631490307904,52.27613847595325
optimal,25.0,0.65,72.95150051600567,112.34410745251046,113.61335854784159,64.66192013447701,65.41769589023882,78.6768855348943,78.67688553489432,47.68218731803344,48.19566265760277
underdamped,10.0,0.15,72.95150051600567,112.34410745251046,121.6685982071502,64.66192013447701,64.24887947626932,78.6768855348943,78.6768855348943,47.68218731803344,57.419718730880874
overdamped,8.0,0.8,72.95150051600567,112.34410745251046,108.40805328639303,64.66192013447701,62.076952073926506,78.6768855348943,78.6768855348943,47.68218731803344,46.33110121246652
optimal,25.0,0.65,58.07575619571625,123.33283920711577,123.3193933801659,76.06778435610474,77.54987580455439,89.96014428429996,89.96014428429994,47.26505485101103,45.769517575611516
underdamped,10.0,0.15,58.07575619571625,123.33283920711577,128.7153495529183,76.06778435610474,75.27230979325094,89.96014428429996,89.96014428429994,47.26505485101103,53.44303975966736
overdamped,8.0,0.8,58.07575619571625,123.33283920711577,120.29442306428541,76.06778435610474,76.41689982198587,89.96014428429996,89.96014428429996,47.26505485101103,43.877523242299546
optimal,25.0,0.65,90.99799341377249,117.47592022797492,117.84259984742351,87.2789697333524,89.8644781935738,96.15459478715924,96.15459478715924,30.196950494622527,27.978121653849712
underdamped,10.0,0.15,90.99799341377249,117.47592022797492,123.2328776542425,87.2789697333524,82.50191496391079,96.15459478715924,96.15459478715924,30.196950494622527,40.73096269033171
overdamped,8.0,0.8,90.99799341377249,117.47592022797492,112.84574670351913,87.2789697333524,88.48376100994065,96.15459478715924,96.15459478715924,30.196950494622527,24.361985693578475
optimal,25.0,0.65,79.06134080331853,120.09536142460499,120.1414096998688,82.43382060042704,85.6393177664163,93.50347199994734,93.50347199994731,37.66154082417795,34.502091933452505
underdamped,10.0,0.15,79.06134080331853,120.09536142460499,126.16838566491056,82.43382060042704,80.8711235771382,93.50347199994734,93.50347199994734,37.66154082417795,45.29726208777235
overdamped,8.0,0.8,79.06134080331853,120.09536142460499,119.82698187058865,82.43382060042704,82.16177465625934,93.50347199994734,93.50347199994734,37.66154082417795,37.665207214329314
optimal,25.0,0.65,75.99130198021001,133.1765861201373,133.3184971985509,87.02677949314483,86.01090451861484,100.59134059012773,100.59134059012771,46.14980662699247,47.30759267993605
underdamped,10.0,0.15,75.99130198021001,133.1765861201373,140.89431005733454,87.02677949314483,85.79834538790162,100.59134059012773,100.59134059012771,46.14980662699247,55.09596466943292
overdamped,8.0,0.8,75.99130198021001,133.1765861201373,129.51118025383332,87.02677949314483,89.58764756129314,100.59134059012773,100.59134059012771,46.14980662699247,39.92353269254018
optimal,25.0,0.65,78.22675335095266,98.21160812112525,98.38516665569904,65.20716061163856,65.61686274987683,74.9079779592187,74.9079779592187,33.004447509486695,32.76830390582221
underdamped,10.0,0.15,78.22675335095266,98.21160812112525,106.53424567888638,65.20716061163856,65.56375584791168,74.9079779592187,74.9079779592187,33.004447509486695,40.9704898309747
overdamped,8.0,0.8,78.22675335095266,98.21160812112525,95.40223635192001,65.20716061163856,67.6146959835394,74.9079779592187,74.9079779592187,33.004447509486695,27.787540368380604
optimal,25.0,0.65,92.36658984611998,98.21591178796024,96.75367363077315,62.36748461037952,62.84765958657496,72.90421739912806,72.90421739912804,35.84842717758072,33.90601404419819
underdamped,10.0,0.15,92.36658984611998,98.21591178796024,106.44949316162565,62.36748461037952,55.27231900856353,72.90421739912806,72.90421739912806,35.84842717758072,51.177174153062126
overdamped,8.0,0.8,92.36658984611998,98.21591178796024,93.14826944195866,62.36748461037952,62.03615731663013,72.90421739912806,72.90421739912806,35.84842717758072,31.11211212532853
optimal,25.0,0.65,83.27080393187221,129.9048432969524,131.72850137883668,75.88158498912748,74.61375202781734,91.76034682008115,91.76034682008115,54.02325830782493,57.11474935101934
underdamped,10.0,0.15,83.27080393187221,129.9048432969524,139.0043438871737,75.88158498912748,68.91403152339906,91.76034682008115,91.76034682008114,54.02325830782493,70.09031236377463
overdamped,8.0,0.8,83.27080393187221,129.9048432969524,125.02517801197057,75.88158498912748,75.35561910255677,91.76034682008115,91.76034682008114,54.02325830782493,49.669558909413794
optimal,25.0,0.65,81.24761016050894,98.62286847300544,97.39191738914523,68.0792718036381,68.02576910535296,77.05678467800216,77.05678467800216,30.543596669367346,29.36614828379227
underdamped,10.0,0.15,81.24761016050894,98.62286847300544,104.24637241530142,68.0792718036381,65.33884574603177,77.05678467800216,77.05678467800215,30.543596669367346,38.90752666926966
overdamped,8.0,0.8,81.24761016050894,98.62286847300544,94.4539129338009,68.0792718036381,68.19102856605775,77.05678467800216,77.05678467800215,30.543596669367346,26.26288436774314
optimal,25.0,0.65,87.24315146774737,145.08250900098614,145.34362571670843,91.72449571678914,92.98961648055518,107.40772570423154,107.40772570423154,53.358013284197,52.354009236153246
underdamped,10.0,0.15,87.24315146774737,145.08250900098614,156.1378610527985,91.72449571678914,84.87648554914054,107.40772570423154,107.40772570423152,53.358013284197,71.26137550365797
overdamped,8.0,0.8,87.24315146774737,145.08250900098614,142.10152422716146,91.72449571678914,92.48451416145318,107.40772570423154,107.40772570423154,53.358013284197,49.617010065708286
optimal,25.0,0.65,68.66796528924297,125.13716953171223,125.26048454700344,93.32661681615252,93.02611430162591,102.67651917493355,102.67651917493355,31.81055271555971,32.234370245377534
underdamped,10.0,0.15,68.66796528924297,125.13716953171223,131.84193299284684,93.32661681615252,93.0344744735788,102.67651917493355,102.67651917493353,31.81055271555971,38.80745851926804
overdamped,8.0,0.8,68.66796528924297,125.13716953171223,126.83746101872744,93.32661681615252,95.26003453232545,102.67651917493355,102.67651917493355,31.81055271555971,31.57742648640199
optimal,25.0,0.65,86.1152562837958,96.09584712011237,95.54418748873626,61.85956760949203,62.23654902823011,71.92245062238794,71.92245062238794,34.236279510620335,33.30763846050615
underdamped,10.0,0.15,86.1152562837958,96.09584712011237,100.98608532390483,61.85956760949203,60.002702439204036,71.92245062238794,71.92245062238796,34.236279510620335,40.983382884700795
overdamped,8.0,0.8,86.1152562837958,96.09584712011237,91.12312219908726,61.85956760949203,61.44230993686791,71.92245062238794,71.92245062238793,34.236279510620335,29.680812262219355
optimal,25.0,0.65,69.11532260273425,110.98724155158123,109.82584157457553,63.90827740857324,63.3898635379264,77.7459407093548,77.7459407093548,47.078964143007994,46.43597803664913
underdamped,10.0,0.15,69.11532260273425,110.98724155158123,120.0578203387733,63.90827740857324,60.852670929558016,77.7459407093548,77.7459407093548,47.078964143007994,59.20514940921528
overdamped,8.0,0.8,69.11532260273425,110.98724155158123,107.28259659294673,63.90827740857324,64.42871772435475,77.7459407093548,77.7459407093548,47.078964143007994,42.85387886859198
optimal,25.0,0.65,82.91808900750821,111.58490700912918,111.42768262183036,80.06658752121743,81.1591785470827,89.33059536037375,89.33059536037374,31.518319487911754,30.268504074747653
underdamped,10.0,0.15,82.91808900750821,111.58490700912918,121.51419920302351,80.06658752121743,79.71635949141199,89.33059536037375,89.33059536037374,31.518319487911754,41.797839711611516
overdamped,8.0,0.8,82.91808900750821,111.58490700912918,107.57633106254244,80.06658752121743,78.34768454346761,89.33059536037375,89.33059536037374,31.518319487911754,29.22864651907483
optimal,25.0,0.65,66.9466188699409,106.1316860911401,105.28416794559166,70.59682087462619,71.3048267528398,81.04139010540021,81.04139010540021,35.53486521651391,33.97934119275186
underdamped,10.0,0.15,66.9466188699409,106.1316860911401,114.42037616386946,70.59682087462619,68.67098637098057,81.04139010540021,81.04139010540021,35.53486521651391,45.74938979288889
overdamped,8.0,0.8,66.9466188699409,106.1316860911401,102.45397885356489,70.59682087462619,73.52206935365018,81.04139010540021,81.0413901054002,35.53486521651391,28.93190949991471
optimal,25.0,0.65,62.425844761302166,134.02266234143136,135.71223677724427,97.42150313496764,95.18637849222186,108.17948234578606,108.17948234578606,36.60115920646372,40.52585828502241
underdamped,10.0,0.15,62.425844761302166,134.02266234143136,138.79668334008028,97.42150313496764,97.61707151273805,108.17948234578606,108.17948234578606,36.60115920646372,41.17961182734223
overdamped,8.0,0.8,62.425844761302166,134.02266234143136,131.95756820252237,97.42150313496764,96.04543230015435,108.17948234578606,108.17948234578606,36.60115920646372,35.91213590236802
optimal,25.0,0.65,76.10016122837497,126.52693485755242,126.00704444131922,88.91802780719351,85.83884875205054,99.97220884848448,99.97220884848448,37.60890705035891,40.168195689268686
underdamped,10.0,0.15,76.10016122837497,126.52693485755242,132.35675224155463,88.91802780719351,86.72688586058857,99.97220884848448,99.97220884848447,37.60890705035891,45.629866380966064
overdamped,8.0,0.8,76.10016122837497,126.52693485755242,125.24494674028553,88.91802780719351,90.30733875335169,99.97220884848448,99.97220884848447,37.60890705035891,34.93760798693384
optimal,25.0,0.65,81.59995853118821,135.89589719562537,136.83049900175675,94.67473293399152,91.87073610955957,106.79064504679897,106.79064504679897,41.221164261633845,44.959762892197176
underdamped,10.0,0.15,81.59995853118821,135.89589719562537,141.08276368025048,94.67473293399152,90.75318234414509,106.79064504679897,106.79064504679897,41.221164261633845,50.32958133610539
overdamped,8.0,0.8,81.59995853118821,135.89589719562537,134.6932572646153,94.67473293399152,93.9549459960954,106.79064504679897,106.79064504679899,41.221164261633845,40.73831126851991
optimal,25.0,0.65,87.03522520473996,101.43522871344376,105.30254958391815,58.788010623218675,61.02090431284325,71.32307496437369,71.32307496437369,42.64721809022509,44.2816452710749
underdamped,10.0,0.15,87.03522520473996,101.43522871344376,108.51438971312615,58.788010623218675,54.76414891668074,71.32307496437369,71.32307496437369,42.64721809022509,53.75024079644541
overdamped,8.0,0.8,87.03522520473996,101.43522871344376,98.77198133309925,58.788010623218675,60.443246632198154,71.32307496437369,71.32307496437369,42.64721809022509,38.328734700901094
optimal,25.0,0.65,79.41100658287178,115.44028515856826,114.67891615209274,73.76267781785344,73.57666246519294,86.0127497568013,86.01274975680127,41.677607340714815,41.1022536868998
underdamped,10.0,0.15,79.41100658287178,115.44028515856826,121.80787521806437,73.76267781785344,71.85692610771478,86.0127497568013,86.0127497568013,41.677607340714815,49.95094911034958
overdamped,8.0,0.8,79.41100658287178,115.44028515856826,110.26820985090527,73.76267781785344,70.2589622697798,86.0127497568013,86.0127497568013,41.677607340714815,40.009247581125464
optimal,25.0,0.65,88.02590126738676,99.73600101543244,101.135796544938,65.45793322183374,65.90427700691369,75.53309883695547,75.53309883695549,34.278067793598694,35.231519538024315
underdamped,10.0,0.15,88.02590126738676,99.73600101543244,107.13197206479708,65.45793322183374,60.31289271889172,75.53309883695547,75.53309883695547,34.278067793598694,46.819079345905365
overdamped,8.0,0.8,88.02590126738676,99.73600101543244,97.17572012492698,65.45793322183374,62.96434732617419,75.53309883695547,75.53309883695547,34.278067793598694,34.21137279875279
optimal,25.0,0.65,60.29007041988227,128.88813191757288,128.17180456502888,84.50327295223437,82.27031082193592,97.54907260384475,97.54907260384475,44.38485896533851,45.901493743092956
underdamped,10.0,0.15,60.29007041988227,128.88813191757288,134.30749247382016,84.50327295223437,81.95257598936786,97.54907260384475,97.54907260384475,44.38485896533851,52.3549164844523
overdamped,8.0,0.8,60.29007041988227,128.88813191757288,125.5229598585197,84.50327295223437,84.96836313005296,97.54907260384475,97.54907260384475,44.38485896533851,40.554596728466734
optimal,25.0,0.65,79.3388055642214,112.78795841255405,112.10559025877473,58.026591867838206,57.5018415755761,74.12230182939656,74.12230182939655,54.76136654471584,54.603748683198624
underdamped,10.0,0.15,79.3388055642214,112.78795841255405,121.52917251922437,58.026591867838206,54.34371277757737,74.12230182939656,74.12230182939655,54.76136654471584,67.18545974164701
overdamped,8.0,0.8,79.3388055642214,112.78795841255405,108.2663776204843,58.026591867838206,57.59118896841795,74.12230182939656,74.12230182939655,54.76136654471584,50.67518865206635
optimal,25.0,0.65,62.49742636332589,96.39492750908197,97.93612731639296,65.76770535346479,65.61166293406073,74.76979781115558,74.76979781115558,30.627222155617176,32.32446438233222
underdamped,10.0,0.15,62.49742636332589,96.39492750908197,99.61952229236681,65.76770535346479,65.41664456288397,74.76979781115558,74.76979781115558,30.627222155617176,34.202877729482836
overdamped,8.0,0.8,62.49742636332589,96.39492750908197,94.09840956019053,65.76770535346479,64.74804950210084,74.76979781115558,74.76979781115558,30.627222155617176,29.35036005808969
optimal,25.0,0.65,92.60343952867143,105.01883362099585,105.09307754941263,67.03465575865775,65.23531618760973,78.19913810409392,78.19913810409392,37.9841778623381,39.8577613618029
underdamped,10.0,0.15,92.60343952867143,105.01883362099585,112.23402487256186,67.03465575865775,59.59522032132259,78.19913810409392,78.19913810409392,37.9841778623381,52.63880455123927
overdamped,8.0,0.8,92.60343952867143,105.01883362099585,99.09924088704645,67.03465575865775,68.12552092707489,78.19913810409392,78.19913810409393,37.9841778623381,30.97371995997156
optimal,25.0,0.65,87.83602124985826,119.60414174085193,119.21484478672785,79.71207192744853,80.29470085033992,91.4373305540475,91.4373305540475,39.892069813403396,38.92014393638793
underdamped,10.0,0.15,87.83602124985826,119.60414174085193,127.20972813515885,79.71207192744853,73.92320656536265,91.4373305540475,91.43733055404749,39.892069813403396,53.28652156979621
overdamped,8.0,0.8,87.83602124985826,119.60414174085193,118.04645576175567,79.71207192744853,79.70108325440897,91.4373305540475,91.4373305540475,39.892069813403396,38.345372507346696
optimal,25.0,0.65,85.54781527102575,138.8621140472377,138.5662986972318,80.44626988194406,78.18341086134656,97.61612052977972,97.61612052977972,58.415844165293635,60.38288783588523
underdamped,10.0,0.15,85.54781527102575,138.8621140472377,149.34394077692633,80.44626988194406,73.51828903404885,97.61612052977972,97.61612052977972,58.415844165293635,75.82565174287748
overdamped,8.0,0.8,85.54781527102575,138.8621140472377,135.2449551683837,80.44626988194406,81.6544128089025,97.61612052977972,97.61612052977972,58.415844165293635,53.590542359481205
optimal,25.0,0.65,65.16307207496571,144.96053265932005,146.82035013584402,86.36418331412379,83.80746336317188,103.58708886554554,103.58708886554554,58.59634934519626,63.01288677267215
underdamped,10.0,0.15,65.16307207496571,144.96053265932005,154.32790223418223,86.36418331412379,86.15247855237058,103.58708886554554,103.58708886554552,58.59634934519626,68.17542368181165
overdamped,8.0,0.8,65.16307207496571,144.96053265932005,141.3086936588209,86.36418331412379,84.53291279136853,103.58708886554554,103.58708886554554,58.59634934519626,56.77578086745238
optimal,25.0,0.65,57.51724250806793,142.230515381096,145.0736957550502,82.53665820619497,84.13187849988601,100.08214825143214,100.08214825143213,59.69385717490104,60.941817255164196
underdamped,10.0,0.15,57.51724250806793,142.230515381096,150.37523220778723,82.53665820619497,79.04712252561177,100.08214825143214,100.08214825143214,59.69385717490104,71.32810968217547
overdamped,8.0,0.8,57.51724250806793,142.230515381096,141.66057679865213,82.53665820619497,81.16559858304181,100.08214825143214,100.08214825143214,59.69385717490104,60.49497821561032
optimal,25.0,0.65,65.10766386327042,124.92516964312715,123.86789440961215,73.4829313792819,71.51765539359816,88.6030680579771,88.6030680579771,51.442238263845255,52.35023901601399
underdamped,10.0,0.15,65.10766386327042,124.92516964312715,129.97745634068488,73.4829313792819,70.74613934343708,88.6030680579771,88.6030680579771,51.442238263845255,59.2313169972478
overdamped,8.0,0.8,65.10766386327042,124.92516964312715,121.11819148668619,73.4829313792819,75.18833660229717,88.6030680579771,88.6030680579771,51.442238263845255,45.929854884389016
optimal,25.0,0.65,86.42040736935539,119.79024295933327,121.79316783712513,75.30553475798797,76.02745307932223,88.38068255125467,88.38068255125467,44.4847082013453,45.7657147578029
underdamped,10.0,0.15,86.42040736935539,119.79024295933327,129.21986996459975,75.30553475798797,70.22321757934158,88.38068255125467,88.38068255125467,44.4847082013453,58.99665238525817
overdamped,8.0,0.8,86.42040736935539,119.79024295933327,111.39573387942936,75.30553475798797,75.77939758373397,88.38068255125467,88.38068255125467,44.4847082013453,35.61633629569539
optimal,25.0,0.65,77.75849163887608,121.23587373822197,118.86323773117849,90.67046369608666,91.74456960982928,99.65438805620265,99.65438805620265,30.565410042135312,27.118668121349202
underdamped,10.0,0.15,77.75849163887608,121.23587373822197,127.03064430627138,90.67046369608666,88.57143038506189,99.65438805620265,99.65438805620263,30.565410042135312,38.459213921209496
overdamped,8.0,0.8,77.75849163887608,121.23587373822197,117.65450297628729,90.67046369608666,89.80992464793204,99.65438805620265,99.65438805620262,30.565410042135312,27.844578328355254
optimal,25.0,0.65,92.87259678023824,121.03821646379882,122.02938821251463,78.6536216091889,78.14825176701416,91.11149453427186,91.11149453427186,42.384594854609915,43.88113644550047
underdamped,10.0,0.15,92.87259678023824,121.03821646379882,129.44117006700833,78.6536216091889,70.81813178925132,91.11149453427186,91.11149453427186,42.384594854609915,58.623038277757004
overdamped,8.0,0.8,92.87259678023824,121.03821646379882,116.63465190949042,78.6536216091889,78.41996182051572,91.11149453427186,91.11149453427186,42.384594854609915,38.21469008897469
optimal,25.0,0.65,61.631603248516605,110.35147093165817,110.06478489939704,70.39251012799772,70.56782329956376,82.13742965873683,82.13742965873683,39.958960803660446,39.496961599833284
underdamped,10.0,0.15,61.631603248516605,110.35147093165817,116.87402442954848,70.39251012799772,70.01555155069276,82.13742965873683,82.13742965873685,39.958960803660446,46.85847287885572
overdamped,8.0,0.8,61.631603248516605,110.35147093165817,108.99988365096357,70.39251012799772,71.15099747135204,82.13742965873683,82.13742965873683,39.958960803660446,37.848886179611526
optimal,25.0,0.65,79.89544582128806,135.2926075194034,139.97939162424998,94.49650534556842,93.6178530110216,106.48748127594372,106.48748127594374,40.79610217383497,46.36153861322839
underdamped,10.0,0.15,79.89544582128806,135.2926075194034,142.4213783175337,94.49650534556842,92.11643951410397,106.48748127594372,106.48748127594375,40.79610217383497,50.304938803429735
overdamped,8.0,0.8,79.89544582128806,135.2926075194034,129.52321996034865,94.49650534556842,95.45335937200502,106.48748127594372,106.48748127594374,40.79610217383497,34.06986058834363
optimal,25.0,0.65,73.36049534972074,119.63809371688826,120.55923148794038,67.5136747537686,67.39962315740266,82.83432108680066,82.83432108680066,52.124418963119666,53.15960833053772
underdamped,10.0,0.15,73.36049534972074,119.63809371688826,125.1740739852102,67.5136747537686,64.71177084702825,82.83432108680066,82.83432108680068,52.124418963119666,60.46230313818195
overdamped,8.0,0.8,73.36049534972074,119.63809371688826,116.89517708883645,67.5136747537686,67.55957326699436,82.83432108680066,82.83432108680066,52.124418963119666,49.335603821842085
optimal,25.0,0.65,87.78336746270492,120.65146411865041,121.59563993512246,65.94666203629242,65.32096124224863,82.02574631376561,82.02574631376561,54.704802082357986,56.274678692873835
underdamped,10.0,0.15,87.78336746270492,120.65146411865041,129.9144355859624,65.94666203629242,59.42130951764705,82.02574631376561,82.02574631376561,54.704802082357986,70.49312606831535
overdamped,8.0,0.8,87.78336746270492,120.65146411865041,115.1795059571554,65.94666203629242,66.29267057512699,82.02574631376561,82.0257463137656,54.704802082357986,48.88683538202841
optimal,25.0,0.65,79.34935335804981,126.378334599875,125.24966506054749,87.83906226115705,86.531829173391,99.16670050018799,99.16670050018799,38.53927233871795,38.71783588715648
underdamped,10.0,0.15,79.34935335804981,126.378334599875,134.56341718195222,87.83906226115705,85.10257395855223,99.16670050018799,99.16670050018799,38.53927233871795,49.46084322339999
overdamped,8.0,0.8,79.34935335804981,126.378334599875,122.8886257402738,87.83906226115705,89.22256481229716,99.16670050018799,99.16670050018799,38.53927233871795,33.66606092797663
optimal,25.0,0.65,88.28485927400075,140.01789756857124,140.3875050983506,90.01239923219761,91.45878710557831,104.71024277575184,104.71024277575184,50.005498336373634,48.92871799277229
underdamped,10.0,0.15,88.28485927400075,140.01789756857124,151.2927326222611,90.01239923219761,84.86683101569078,104.71024277575184,104.71024277575184,50.005498336373634,66.42590160657032
overdamped,8.0,0.8,88.28485927400075,140.01789756857124,133.5717684615965,90.01239923219761,89.72650127949443,104.71024277575184,104.71024277575184,50.005498336373634,43.84526718210206
optimal,25.0,0.65,59.07412892847363,100.64424814275037,101.39423392321581,60.35780432891065,63.43651501113597,72.1989791557056,72.1989791557056,40.28644381383972,37.95771891207984
underdamped,10.0,0.15,59.07412892847363,100.64424814275037,104.65038515266352,60.35780432891065,59.45630107674375,72.1989791557056,72.1989791557056,40.28644381383972,45.19408407591977
overdamped,8.0,0.8,59.07412892847363,100.64424814275037,102.40964433390253,60.35780432891065,60.55084424013263,72.1989791557056,72.1989791557056,40.28644381383972,41.8588000937699
optimal,25.0,0.65,70.93660181381141,106.70990388849796,107.07929842773154,76.10429206603919,76.14390663715146,85.10003271630373,85.10003271630372,30.60561182245877,30.935391790580084
underdamped,10.0,0.15,70.93660181381141,106.70990388849796,111.8764860741569,76.10429206603919,77.63324717149197,85.10003271630373,85.10003271630373,30.60561182245877,34.24323890266493
overdamped,8.0,0.8,70.93660181381141,106.70990388849796,106.18752050212882,76.10429206603919,76.42873354308686,85.10003271630373,85.10003271630372,30.60561182245877,29.758786959041956
optimal,25.0,0.65,79.48506757861301,136.99920343738705,137.1844256908763,91.73815799171895,93.62314266630577,105.04149035935654,105.04149035935654,45.2610454456681,43.56128302457054
underdamped,10.0,0.15,79.48506757861301,136.99920343738705,143.89578954726724,91.73815799171895,86.64384495296905,105.04149035935654,105.04149035935654,45.2610454456681,57.251944594298195
overdamped,8.0,0.8,79.48506757861301,136.99920343738705,134.2548587122914,91.73815799171895,90.4012783449174,105.04149035935654,105.04149035935654,45.2610454456681,43.85358036737399
optimal,25.0,0.65,84.47245546083016,118.8323271167495,119.09023017844781,77.60649225590394,77.14969820243061,89.72377717247804,89.72377717247804,41.22583486084555,41.9405319760172
underdamped,10.0,0.15,84.47245546083016,118.8323271167495,127.46748909565838,77.60649225590394,74.23504389707458,89.72377717247804,89.72377717247804,41.22583486084555,53.232445198583804
overdamped,8.0,0.8,84.47245546083016,118.8323271167495,113.42557566846297,77.60649225590394,77.861027629745,89.72377717247804,89.72377717247804,41.22583486084555,35.56454803871797
optimal,25.0,0.65,92.58213367340994,118.56463479259503,116.91460119956828,66.938342809514,68.57645678936835,82.11257739461821,82.11257739461821,51.62629198308103,48.33814441019993
underdamped,10.0,0.15,92.58213367340994,118.56463479259503,126.45681715569602,66.938342809514,57.069853872689706,82.11257739461821,82.11257739461823,51.62629198308103,69.38696328300631
overdamped,8.0,0.8,92.58213367340994,118.56463479259503,109.9769933489614,66.938342809514,69.94526332305767,82.11257739461821,82.11257739461823,51.62629198308103,40.03173002590373
optimal,25.0,0.65,82.03204124273593,114.19296374880167,113.73947144877641,66.09407165645966,65.01789798991327,80.23151681971105,80.23151681971105,48.09889209234201,48.72157345886315
underdamped,10.0,0.15,82.03204124273593,114.19296374880167,120.48372428685443,66.09407165645966,65.07639311466268,80.23151681971105,80.23151681971105,48.09889209234201,55.407331172191746
overdamped,8.0,0.8,82.03204124273593,114.19296374880167,111.61682523105964,66.09407165645966,63.97016810125088,80.23151681971105,80.23151681971105,48.09889209234201,47.64665712980876
optimal,25.0,0.65,82.7602488848718,133.64608574927314,135.37932948493946,97.46599317716414,96.57196686256093,108.10021056740185,108.10021056740185,36.180092572109004,38.807362622378534
underdamped,10.0,0.15,82.7602488848718,133.64608574927314,139.11718260540337,97.46599317716414,95.68304193216242,108.10021056740185,108.10021056740185,36.180092572109004,43.43414067324095
overdamped,8.0,0.8,82.7602488848718,133.64608574927314,130.83348265557674,97.46599317716414,98.75308735848239,108.10021056740185,108.10021056740183,36.180092572109004,32.080395297094356
optimal,25.0,0.65,57.644681858738934,122.33650735384033,121.19096282161922,86.02789569266326,85.84197649499644,96.69988799818678,96.6998879981868,36.30861166117707,35.34898632662278
underdamped,10.0,0.15,57.644681858738934,122.33650735384033,125.53220342693122,86.02789569266326,86.36954030664303,96.69988799818678,96.6998879981868,36.30861166117707,39.16266312028819
overdamped,8.0,0.8,57.644681858738934,122.33650735384033,122.86156240065411,86.02789569266326,85.25898151896867,96.69988799818678,96.69988799818681,36.30861166117707,37.60258088168544
optimal,25.0,0.65,75.46042307832943,127.13374275671532,125.47370167391787,79.46393524745214,79.57574903584369,93.47526191816054,93.47526191816054,47.66980750926318,45.89795263807419
underdamped,10.0,0.15,75.46042307832943,127.13374275671532,132.11377413006653,79.46393524745214,78.6865605932555,93.47526191816054,93.47526191816054,47.66980750926318,53.427213536811024
overdamped,8.0,0.8,75.46042307832943,127.13374275671532,120.7238446067911,79.46393524745214,80.28123731409268,93.47526191816054,93.47526191816054,47.66980750926318,40.442607292698426
optimal,25.0,0.65,80.06426158647021,122.76040130025046,124.77327922836349,90.08062735151623,91.2560402430946,99.68601516919612,99.68601516919611,32.67977394873424,33.51723898526889
underdamped,10.0,0.15,80.06426158647021,122.76040130025046,130.31802176476634,90.08062735151623,88.02886593475131,99.68601516919612,99.68601516919612,32.67977394873424,42.289155830015034
overdamped,8.0,0.8,80.06426158647021,122.76040130025046,118.54357972674504,90.08062735151623,90.56394417026436,99.68601516919612,99.68601516919611,32.67977394873424,27.979635556480673
