country_code,country,gdp_pc_ppp,co2_pc,year,co2_indicator
ZWE,Zimbabwe,4827.10960165994,0.68892544949393,2021,EN.GHG.CO2.PC.CE.AR5
ZMB,Zambia,3503.03491418372,0.49379688135964,2021,EN.GHG.CO2.PC.CE.AR5
VIR,Virgin Islands (U.S.),46893.5496988741,0.00188910928497214,2021,EN.GHG.CO2.PC.CE.AR5
VNM,Viet Nam,12048.9019935536,3.39788716841419,2021,EN.GHG.CO2.PC.CE.AR5
VUT,Vanuatu,3546.08021896872,0.95106385761178,2021,EN.GHG.CO2.PC.CE.AR5
UZB,Uzbekistan,9705.60054565692,3.9236623289729,2021,EN.GHG.CO2.PC.CE.AR5
URY,Uruguay,29431.8738833361,2.51768262973273,2021,EN.GHG.CO2.PC.CE.AR5
USA,United States,71441.231980595,14.3160979329351,2021,EN.GHG.CO2.PC.CE.AR5
GBR,United Kingdom,51840.4424245515,5.04516109767386,2021,EN.GHG.CO2.PC.CE.AR5
ARE,United Arab Emirates,68580.1312912676,20.8269278649571,2021,EN.GHG.CO2.PC.CE.AR5
UKR,Ukraine,17846.408203125,4.38244379511425,2021,EN.GHG.CO2.PC.CE.AR5
UGA,Uganda,2684.92035939744,0.176657279649966,2021,EN.GHG.CO2.PC.CE.AR5
TUV,Tuvalu,5551.80841999248,0.0,2021,EN.GHG.CO2.PC.CE.AR5
TCA,Turks and Caicos Islands,25056.4880515569,4.75211634949053,2021,EN.GHG.CO2.PC.CE.AR5
TKM,Turkmenistan,16259.8700051884,13.4562494897451,2021,EN.GHG.CO2.PC.CE.AR5
TUR,Turkiye,32105.5474400506,5.47500634541911,2021,EN.GHG.CO2.PC.CE.AR5
TUN,Tunisia,12444.3264026887,2.57438568493559,2021,EN.GHG.CO2.PC.CE.AR5
TTO,Trinidad and Tobago,30482.1201798631,20.9747593886329,2021,EN.GHG.CO2.PC.CE.AR5
TON,Tonga,6930.06482518663,1.95753151957531,2021,EN.GHG.CO2.PC.CE.AR5
TGO,Togo,2952.09730066985,0.319297354292546,2021,EN.GHG.CO2.PC.CE.AR5
TLS,Timor-Leste,6825.0458085995,0.526390245745068,2021,EN.GHG.CO2.PC.CE.AR5
THA,Thailand,20236.9760408784,3.74441224162639,2021,EN.GHG.CO2.PC.CE.AR5
TZA,Tanzania,3493.0830078125,0.30147502454703,2021,EN.GHG.CO2.PC.CE.AR5
TJK,Tajikistan,3985.91247611219,0.945809874035157,2021,EN.GHG.CO2.PC.CE.AR5
SYR,Syrian Arab Republic,4765.52911357702,1.48118445007612,2021,EN.GHG.CO2.PC.CE.AR5
CHE,Switzerland,83524.9832880195,4.32303993798183,2021,EN.GHG.CO2.PC.CE.AR5
SWE,Sweden,62190.8526983825,3.88625523254982,2021,EN.GHG.CO2.PC.CE.AR5
SUR,Suriname,18458.234999681,4.40057873816953,2021,EN.GHG.CO2.PC.CE.AR5
SDN,Sudan,3248.9755859375,0.491048688699115,2021,EN.GHG.CO2.PC.CE.AR5
VCT,St. Vincent and the Grenadines,16200.8994597845,1.14156805165255,2021,EN.GHG.CO2.PC.CE.AR5
LCA,St. Lucia,19141.3272253168,1.58075755369086,2021,EN.GHG.CO2.PC.CE.AR5
KNA,St. Kitts and Nevis,26896.6177065978,2.48487051728931,2021,EN.GHG.CO2.PC.CE.AR5
LKA,Sri Lanka,14316.1352225567,1.02995125473912,2021,EN.GHG.CO2.PC.CE.AR5
ESP,Spain,44251.6658222621,4.91513320564969,2021,EN.GHG.CO2.PC.CE.AR5
ZAF,South Africa,13681.9548144813,7.29340675223128,2021,EN.GHG.CO2.PC.CE.AR5
SOM,"Somalia, Fed. Rep.",1392.31782053371,0.0473151298233482,2021,EN.GHG.CO2.PC.CE.AR5
SLB,Solomon Islands,2450.18399709553,0.436144669947587,2021,EN.GHG.CO2.PC.CE.AR5
SVN,Slovenia,45922.6632600134,6.57475360268757,2021,EN.GHG.CO2.PC.CE.AR5
SVK,Slovak Republic,38330.302743447,6.72785720933896,2021,EN.GHG.CO2.PC.CE.AR5
SGP,Singapore,133990.186782104,10.2167829269876,2021,EN.GHG.CO2.PC.CE.AR5
SLE,Sierra Leone,2849.38865839009,0.181898998863687,2021,EN.GHG.CO2.PC.CE.AR5
SYC,Seychelles,29979.8272686091,7.9409216385581,2021,EN.GHG.CO2.PC.CE.AR5
SEN,Senegal,4173.67741399617,0.762104486376905,2021,EN.GHG.CO2.PC.CE.AR5
SAU,Saudi Arabia,62690.4966645929,19.1759893319934,2021,EN.GHG.CO2.PC.CE.AR5
STP,Sao Tome and Principe,5732.69456061536,0.713188352908844,2021,EN.GHG.CO2.PC.CE.AR5
WSM,Samoa,6350.92787033711,1.60679954532484,2021,EN.GHG.CO2.PC.CE.AR5
RWA,Rwanda,2776.39276387923,0.127784857801346,2021,EN.GHG.CO2.PC.CE.AR5
RUS,Russian Federation,38638.4296875,13.3920757412176,2021,EN.GHG.CO2.PC.CE.AR5
ROU,Romania,37534.0002643549,4.22268857135102,2021,EN.GHG.CO2.PC.CE.AR5
QAT,Qatar,116832.570294098,47.2839742745248,2021,EN.GHG.CO2.PC.CE.AR5
PRI,Puerto Rico (US),40559.226188957,3.8822998279662,2021,EN.GHG.CO2.PC.CE.AR5
PRT,Portugal,38657.6677223429,3.76014625214405,2021,EN.GHG.CO2.PC.CE.AR5
POL,Poland,41059.5847829682,8.76145594619199,2021,EN.GHG.CO2.PC.CE.AR5
PHL,Philippines,8857.78995115514,1.28744630350143,2021,EN.GHG.CO2.PC.CE.AR5
PER,Peru,15285.7706852395,1.79843805693361,2021,EN.GHG.CO2.PC.CE.AR5
PRY,Paraguay,15400.9446332428,1.19342950266764,2021,EN.GHG.CO2.PC.CE.AR5
PNG,Papua New Guinea,3977.44297360749,0.537976225859132,2021,EN.GHG.CO2.PC.CE.AR5
PAN,Panama,30932.7627780514,2.47873328262843,2021,EN.GHG.CO2.PC.CE.AR5
PLW,Palau,16312.190220013,74.7342968003149,2021,EN.GHG.CO2.PC.CE.AR5
PAK,Pakistan,5367.27364714762,0.956817705203498,2021,EN.GHG.CO2.PC.CE.AR5
OMN,Oman,38719.4587682049,19.4931188705775,2021,EN.GHG.CO2.PC.CE.AR5
NOR,Norway,92205.7698636049,8.21471362641264,2021,EN.GHG.CO2.PC.CE.AR5
MKD,North Macedonia,22144.1924252732,4.15543074626833,2021,EN.GHG.CO2.PC.CE.AR5
NGA,Nigeria,7588.47885587002,0.599006670437755,2021,EN.GHG.CO2.PC.CE.AR5
NER,Niger,1587.84784907329,0.116675523035947,2021,EN.GHG.CO2.PC.CE.AR5
NIC,Nicaragua,7119.16874782601,0.781445055571015,2021,EN.GHG.CO2.PC.CE.AR5
NZL,New Zealand,48202.0913368233,6.8263580222633,2021,EN.GHG.CO2.PC.CE.AR5
NLD,Netherlands,68573.5648786447,8.32113351224123,2021,EN.GHG.CO2.PC.CE.AR5
NPL,Nepal,4546.22970006289,0.589753828751882,2021,EN.GHG.CO2.PC.CE.AR5
NRU,Nauru,12113.787764494,0.0,2021,EN.GHG.CO2.PC.CE.AR5
NAM,Namibia,9709.09930646771,1.31835499696145,2021,EN.GHG.CO2.PC.CE.AR5
MMR,Myanmar,5178.44718217164,0.596355651595398,2021,EN.GHG.CO2.PC.CE.AR5
MOZ,Mozambique,1457.23540930922,0.288380146210081,2021,EN.GHG.CO2.PC.CE.AR5
MAR,Morocco,8623.265625,1.97891230504847,2021,EN.GHG.CO2.PC.CE.AR5
MNG,Mongolia,14792.2509086422,7.35537974094353,2021,EN.GHG.CO2.PC.CE.AR5
MDA,Moldova,15682.0703284653,3.71857097344219,2021,EN.GHG.CO2.PC.CE.AR5
FSM,"Micronesia, Fed. Sts.",3955.73141317971,0.00179172937719487,2021,EN.GHG.CO2.PC.CE.AR5
MEX,Mexico,20782.5877440905,3.54662489893704,2021,EN.GHG.CO2.PC.CE.AR5
MUS,Mauritius,23010.2013826906,3.14916917653636,2021,EN.GHG.CO2.PC.CE.AR5
MRT,Mauritania,5836.56580821897,0.931619299689918,2021,EN.GHG.CO2.PC.CE.AR5
MHL,Marshall Islands,6768.82579129624,0.00241738583895376,2021,EN.GHG.CO2.PC.CE.AR5
MLT,Malta,56823.9958525022,3.14078934671427,2021,EN.GHG.CO2.PC.CE.AR5
MLI,Mali,2796.22793795431,0.326094093296463,2021,EN.GHG.CO2.PC.CE.AR5
MDV,Maldives,19052.6224904311,3.25639247201417,2021,EN.GHG.CO2.PC.CE.AR5
MYS,Malaysia,29822.8491831618,7.5232628848407,2021,EN.GHG.CO2.PC.CE.AR5
MWI,Malawi,1687.59358179651,0.305223786714373,2021,EN.GHG.CO2.PC.CE.AR5
MDG,Madagascar,1577.43246056529,0.138189637609379,2021,EN.GHG.CO2.PC.CE.AR5
MAC,"Macao SAR, China",73374.4486829589,2.99970695970696,2021,EN.GHG.CO2.PC.CE.AR5
LUX,Luxembourg,136772.443753292,13.0933781621838,2021,EN.GHG.CO2.PC.CE.AR5
LTU,Lithuania,45897.3715026327,5.10322677130588,2021,EN.GHG.CO2.PC.CE.AR5
LBY,Libya,12641.5097714075,8.1793228617378,2021,EN.GHG.CO2.PC.CE.AR5
LBR,Liberia,1539.20892304674,0.159868484974207,2021,EN.GHG.CO2.PC.CE.AR5
LSO,Lesotho,2544.78249551214,0.33799947115729,2021,EN.GHG.CO2.PC.CE.AR5
LBN,Lebanon,11599.7755083765,2.92316253483224,2021,EN.GHG.CO2.PC.CE.AR5
LVA,Latvia,36912.0130602161,3.99598830452802,2021,EN.GHG.CO2.PC.CE.AR5
LAO,Lao PDR,8080.43553249923,3.19548907488521,2021,EN.GHG.CO2.PC.CE.AR5
KGZ,Kyrgyz Republic,5736.47883415154,1.53476225562031,2021,EN.GHG.CO2.PC.CE.AR5
KWT,Kuwait,50651.9575337091,22.9081845000934,2021,EN.GHG.CO2.PC.CE.AR5
KOR,"Korea, Rep.",51718.2518656631,12.3387268331673,2021,EN.GHG.CO2.PC.CE.AR5
KIR,Kiribati,3024.21029665634,0.627059364216332,2021,EN.GHG.CO2.PC.CE.AR5
KEN,Kenya,5338.85243382781,0.404281044163676,2021,EN.GHG.CO2.PC.CE.AR5
KAZ,Kazakhstan,32945.8515725823,12.2524647603581,2021,EN.GHG.CO2.PC.CE.AR5
JOR,Jordan,10056.5611261239,1.96480214444574,2021,EN.GHG.CO2.PC.CE.AR5
JPN,Japan,45999.4617966896,8.5947828493867,2021,EN.GHG.CO2.PC.CE.AR5
JAM,Jamaica,10430.6909771759,2.28087572885193,2021,EN.GHG.CO2.PC.CE.AR5
ITA,Italy,49825.3934111848,5.58651571090224,2021,EN.GHG.CO2.PC.CE.AR5
ISR,Israel,46151.100820403,6.50617837249504,2021,EN.GHG.CO2.PC.CE.AR5
IRL,Ireland,116702.85817485,7.11906758228265,2021,EN.GHG.CO2.PC.CE.AR5
IRQ,Iraq,12731.7535755128,4.6367351965098,2021,EN.GHG.CO2.PC.CE.AR5
IRN,"Iran, Islamic Rep.",15884.4276775963,8.86620624375505,2021,EN.GHG.CO2.PC.CE.AR5
IDN,Indonesia,12757.0746440204,2.24993200107532,2021,EN.GHG.CO2.PC.CE.AR5
IND,India,7818.65701757504,1.83702951699406,2021,EN.GHG.CO2.PC.CE.AR5
ISL,Iceland,62720.7916832797,8.49269837861054,2021,EN.GHG.CO2.PC.CE.AR5
HUN,Hungary,38887.1909527154,5.29398400902426,2021,EN.GHG.CO2.PC.CE.AR5
HKG,"Hong Kong SAR, China",65884.9376260603,4.65895509301102,2021,EN.GHG.CO2.PC.CE.AR5
HND,Honduras,6202.98078812037,1.00784489455025,2021,EN.GHG.CO2.PC.CE.AR5
HTI,Haiti,3116.56505397604,0.299641674870628,2021,EN.GHG.CO2.PC.CE.AR5
GUY,Guyana,22865.9270968882,4.07256076774227,2021,EN.GHG.CO2.PC.CE.AR5
GNB,Guinea-Bissau,2522.12869240841,0.16319861514318,2021,EN.GHG.CO2.PC.CE.AR5
GIN,Guinea,3738.8051255133,0.370350839534597,2021,EN.GHG.CO2.PC.CE.AR5
GTM,Guatemala,11825.141273764,1.14808238131902,2021,EN.GHG.CO2.PC.CE.AR5
GRD,Grenada,15290.250903138,1.37803373097491,2021,EN.GHG.CO2.PC.CE.AR5
GRL,Greenland,69302.0088788237,9.67998164263146,2021,EN.GHG.CO2.PC.CE.AR5
GRC,Greece,33528.2271202515,5.08178234326352,2021,EN.GHG.CO2.PC.CE.AR5
GHA,Ghana,6607.50297378321,0.753155149511826,2021,EN.GHG.CO2.PC.CE.AR5
DEU,Germany,62630.7748127737,8.06128144646434,2021,EN.GHG.CO2.PC.CE.AR5
GEO,Georgia,18915.6534005263,3.32825506052133,2021,EN.GHG.CO2.PC.CE.AR5
GMB,"Gambia, The",2777.79620978324,0.185403006975905,2021,EN.GHG.CO2.PC.CE.AR5
GAB,Gabon,18523.5798032135,2.25718447508796,2021,EN.GHG.CO2.PC.CE.AR5
FRA,France,52517.3354905855,4.66820869200128,2021,EN.GHG.CO2.PC.CE.AR5
FIN,Finland,56790.3766177692,7.09479866241161,2021,EN.GHG.CO2.PC.CE.AR5
FJI,Fiji,10322.4279638854,1.46469279849375,2021,EN.GHG.CO2.PC.CE.AR5
FRO,Faroe Islands,68433.2144298182,0.0394062787337449,2021,EN.GHG.CO2.PC.CE.AR5
ETH,Ethiopia,2588.41310213778,0.156331429015701,2021,EN.GHG.CO2.PC.CE.AR5
SWZ,Eswatini,9990.43491951205,0.81982905586225,2021,EN.GHG.CO2.PC.CE.AR5
EST,Estonia,44247.4198971873,9.71169075504984,2021,EN.GHG.CO2.PC.CE.AR5
GNQ,Equatorial Guinea,16821.4486470413,2.86038210447434,2021,EN.GHG.CO2.PC.CE.AR5
SLV,El Salvador,10809.713399518,1.20400614983067,2021,EN.GHG.CO2.PC.CE.AR5
EGY,"Egypt, Arab Rep.",15579.0160861551,2.35795200966486,2021,EN.GHG.CO2.PC.CE.AR5
ECU,Ecuador,13507.4445638375,2.32777079470983,2021,EN.GHG.CO2.PC.CE.AR5
DOM,Dominican Republic,22053.4589869955,2.66716087668998,2021,EN.GHG.CO2.PC.CE.AR5
DMA,Dominica,15808.9743503945,1.13687092646052,2021,EN.GHG.CO2.PC.CE.AR5
DJI,Djibouti,5960.10807396825,0.731060389851309,2021,EN.GHG.CO2.PC.CE.AR5
DNK,Denmark,69327.998216527,5.04788249694838,2021,EN.GHG.CO2.PC.CE.AR5
CZE,Czechia,47796.0337408466,9.4724309646164,2021,EN.GHG.CO2.PC.CE.AR5
CYP,Cyprus,47632.5703125,5.25252617267475,2021,EN.GHG.CO2.PC.CE.AR5
HRV,Croatia,36930.076102199,4.5132213846884,2021,EN.GHG.CO2.PC.CE.AR5
CIV,Cote d'Ivoire,6045.20480490881,0.580322307864011,2021,EN.GHG.CO2.PC.CE.AR5
CRI,Costa Rica,24083.5988182437,1.59152551349924,2021,EN.GHG.CO2.PC.CE.AR5
COG,"Congo, Rep.",6263.21161292636,1.20634406636725,2021,EN.GHG.CO2.PC.CE.AR5
COD,"Congo, Dem. Rep.",1402.38560295221,0.0466742294309333,2021,EN.GHG.CO2.PC.CE.AR5
COM,Comoros,3449.0435745318,0.485471305614698,2021,EN.GHG.CO2.PC.CE.AR5
COL,Colombia,17383.0901728295,1.80057803586778,2021,EN.GHG.CO2.PC.CE.AR5
CHN,China,20843.2978347377,8.88715660313235,2021,EN.GHG.CO2.PC.CE.AR5
CHL,Chile,29106.6356522053,4.57991726498939,2021,EN.GHG.CO2.PC.CE.AR5
TCD,Chad,2435.07274651099,0.153189262919633,2021,EN.GHG.CO2.PC.CE.AR5
CAF,Central African Republic,1128.55237996459,0.0631247432561961,2021,EN.GHG.CO2.PC.CE.AR5
CYM,Cayman Islands,74160.4914000191,4.48023050151195,2021,EN.GHG.CO2.PC.CE.AR5
CAN,Canada,56995.0952020711,14.6897593568847,2021,EN.GHG.CO2.PC.CE.AR5
CMR,Cameroon,4793.55628200196,0.384499667443882,2021,EN.GHG.CO2.PC.CE.AR5
KHM,Cambodia,6225.53265474741,1.08885754085366,2021,EN.GHG.CO2.PC.CE.AR5
CPV,Cabo Verde,7685.41921393669,1.2540428801759,2021,EN.GHG.CO2.PC.CE.AR5
BDI,Burundi,1032.38274081999,0.0692145551715359,2021,EN.GHG.CO2.PC.CE.AR5
BFA,Burkina Faso,2486.43093147762,0.292658735345638,2021,EN.GHG.CO2.PC.CE.AR5
BGR,Bulgaria,30958.9830238332,7.04917445804336,2021,EN.GHG.CO2.PC.CE.AR5
BRN,Brunei Darussalam,78248.797127611,22.1070085296012,2021,EN.GHG.CO2.PC.CE.AR5
BRA,Brazil,18075.7060049068,2.41580858865319,2021,EN.GHG.CO2.PC.CE.AR5
BWA,Botswana,17960.6254447437,2.72602991287315,2021,EN.GHG.CO2.PC.CE.AR5
BIH,Bosnia and Herzegovina,18286.6614977175,7.09101986590062,2021,EN.GHG.CO2.PC.CE.AR5
BOL,Bolivia,11202.4409836707,1.83202986254917,2021,EN.GHG.CO2.PC.CE.AR5
BTN,Bhutan,13458.812666743,1.99176727595359,2021,EN.GHG.CO2.PC.CE.AR5
BMU,Bermuda,92319.6714861222,3.78511322856082,2021,EN.GHG.CO2.PC.CE.AR5
BEN,Benin,3464.2886286745,0.502981455061003,2021,EN.GHG.CO2.PC.CE.AR5
BLZ,Belize,11716.3267818656,0.850141395132365,2021,EN.GHG.CO2.PC.CE.AR5
BEL,Belgium,60669.2137746534,8.2875698190821,2021,EN.GHG.CO2.PC.CE.AR5
BLR,Belarus,27611.1801135157,6.30387145078492,2021,EN.GHG.CO2.PC.CE.AR5
BRB,Barbados,17686.7469386289,2.30908001857188,2021,EN.GHG.CO2.PC.CE.AR5
BGD,Bangladesh,7441.06913961254,0.702428158073895,2021,EN.GHG.CO2.PC.CE.AR5
BHR,Bahrain,54954.6757895532,24.8329361557867,2021,EN.GHG.CO2.PC.CE.AR5
BHS,"Bahamas, The",31064.6822166194,3.65514300923625,2021,EN.GHG.CO2.PC.CE.AR5
AZE,Azerbaijan,20111.3756952109,3.69156864195704,2021,EN.GHG.CO2.PC.CE.AR5
AUT,Austria,62968.8538770186,7.39223990896623,2021,EN.GHG.CO2.PC.CE.AR5
AUS,Australia,58327.4146842325,14.9787241100123,2021,EN.GHG.CO2.PC.CE.AR5
ABW,Aruba,35207.1709088639,4.71123491179201,2021,EN.GHG.CO2.PC.CE.AR5
ARM,Armenia,15921.705281964,2.51946122945009,2021,EN.GHG.CO2.PC.CE.AR5
ARG,Argentina,26300.274261175,4.09769704597303,2021,EN.GHG.CO2.PC.CE.AR5
ATG,Antigua and Barbuda,25745.4958067746,3.58964363447357,2021,EN.GHG.CO2.PC.CE.AR5
AGO,Angola,8720.18768742123,0.740292552255736,2021,EN.GHG.CO2.PC.CE.AR5
DZA,Algeria,14496.8654697299,4.05087238809753,2021,EN.GHG.CO2.PC.CE.AR5
ALB,Albania,18212.794718288,2.0532886275877,2021,EN.GHG.CO2.PC.CE.AR5
AFG,Afghanistan,2144.16657002819,0.312156784785117,2021,EN.GHG.CO2.PC.CE.AR5
WLD,World,19875.5669160609,4.68476409230163,2021,EN.GHG.CO2.PC.CE.AR5
UMC,Upper middle income,18796.441497948,6.11385707253371,2021,EN.GHG.CO2.PC.CE.AR5
TSS,Sub-Saharan Africa (IDA & IBRD countries),4720.48407808675,0.747288286884748,2021,EN.GHG.CO2.PC.CE.AR5
SSA,Sub-Saharan Africa (excluding high income),4718.40031939935,0.746686801886126,2021,EN.GHG.CO2.PC.CE.AR5
SSF,Sub-Saharan Africa,4720.48407808675,0.747288286884748,2021,EN.GHG.CO2.PC.CE.AR5
TSA,South Asia (IDA & IBRD),7815.21278442871,1.68776316100057,2021,EN.GHG.CO2.PC.CE.AR5
SAS,South Asia,7815.21278442871,1.68776316100057,2021,EN.GHG.CO2.PC.CE.AR5
SST,Small states,21262.5948218682,4.66196147266028,2021,EN.GHG.CO2.PC.CE.AR5
PRE,Pre-demographic dividend,4534.67817255594,0.564968645929087,2021,EN.GHG.CO2.PC.CE.AR5
PST,Post-demographic dividend,56629.4428654399,9.47401519074391,2021,EN.GHG.CO2.PC.CE.AR5
PSS,Pacific island small states,6133.27337662878,1.49533820886211,2021,EN.GHG.CO2.PC.CE.AR5
OSS,Other small states,23632.4052569572,3.90037217494107,2021,EN.GHG.CO2.PC.CE.AR5
OED,OECD members,51208.8336430486,8.53419073703897,2021,EN.GHG.CO2.PC.CE.AR5
NAC,North America,69953.4846892959,14.3528360081889,2021,EN.GHG.CO2.PC.CE.AR5
MIC,Middle income,13477.1480288886,3.87201233374418,2021,EN.GHG.CO2.PC.CE.AR5
TMN,"Middle East, North Africa, Afghanistan & Pakistan (IDA & IBRD)",9544.65393425022,2.73551562037933,2021,EN.GHG.CO2.PC.CE.AR5
MNA,"Middle East, North Africa, Afghanistan & Pakistan (excluding high income)",9516.64668717139,2.73551562037933,2021,EN.GHG.CO2.PC.CE.AR5
MEA,"Middle East, North Africa, Afghanistan & Pakistan",13667.9618940942,4.07701652507936,2021,EN.GHG.CO2.PC.CE.AR5
LMC,Lower middle income,7838.34718454926,1.43746375080732,2021,EN.GHG.CO2.PC.CE.AR5
LIC,Low income,2374.74913269038,0.316511811299149,2021,EN.GHG.CO2.PC.CE.AR5
LMY,Low & middle income,12294.6891013589,3.50104409003516,2021,EN.GHG.CO2.PC.CE.AR5
LDC,Least developed countries: UN classification,3753.1278014194,0.389385127332277,2021,EN.GHG.CO2.PC.CE.AR5
TLA,Latin America & the Caribbean (IDA & IBRD countries),18609.1190317645,2.64952763186331,2021,EN.GHG.CO2.PC.CE.AR5
LAC,Latin America & Caribbean (excluding high income),17991.1283749974,2.54310228944895,2021,EN.GHG.CO2.PC.CE.AR5
LCN,Latin America & Caribbean,18696.3210341683,2.64468495316375,2021,EN.GHG.CO2.PC.CE.AR5
LTE,Late-demographic dividend,22189.7622837471,7.65511511562528,2021,EN.GHG.CO2.PC.CE.AR5
IDA,IDA total,4825.30169071054,0.605148526249845,2021,EN.GHG.CO2.PC.CE.AR5
IDX,IDA only,4002.20344573931,0.44559896965503,2021,EN.GHG.CO2.PC.CE.AR5
IDB,IDA blend,6382.99566586346,0.898352013194244,2021,EN.GHG.CO2.PC.CE.AR5
IBT,IDA & IBRD total,13248.8138127169,3.76148601676729,2021,EN.GHG.CO2.PC.CE.AR5
IBD,IBRD only,16390.9943192501,4.93041084851231,2021,EN.GHG.CO2.PC.CE.AR5
HIC,High income,55735.7734268154,10.3129384573961,2021,EN.GHG.CO2.PC.CE.AR5
HPC,Heavily indebted poor countries (HIPC),3038.71814072197,0.32021206439102,2021,EN.GHG.CO2.PC.CE.AR5
EUU,European Union,51968.4388292725,6.31584352673514,2021,EN.GHG.CO2.PC.CE.AR5
TEC,Europe & Central Asia (IDA & IBRD countries),29918.4650718143,8.18396124059086,2021,EN.GHG.CO2.PC.CE.AR5
ECA,Europe & Central Asia (excluding high income),22179.1768626,5.39013877576093,2021,EN.GHG.CO2.PC.CE.AR5
ECS,Europe & Central Asia,42434.0454804633,7.0922837354562,2021,EN.GHG.CO2.PC.CE.AR5
EMU,Euro area,53780.959568799,6.19991469696055,2021,EN.GHG.CO2.PC.CE.AR5
TEA,East Asia & Pacific (IDA & IBRD countries),18167.4009161466,6.79804477264612,2021,EN.GHG.CO2.PC.CE.AR5
EAP,East Asia & Pacific (excluding high income),17966.100209993,6.74065000258692,2021,EN.GHG.CO2.PC.CE.AR5
EAS,East Asia & Pacific,21598.5847592384,7.05688175402826,2021,EN.GHG.CO2.PC.CE.AR5
EAR,Early-demographic dividend,10742.1039496291,2.33798703980314,2021,EN.GHG.CO2.PC.CE.AR5
CEB,Central Europe and the Baltics,40122.3609600588,7.0248875583285,2021,EN.GHG.CO2.PC.CE.AR5
CSS,Caribbean small states,23495.1590735021,8.53848494597321,2021,EN.GHG.CO2.PC.CE.AR5
ARB,Arab World,16194.2304401674,4.49856109572882,2021,EN.GHG.CO2.PC.CE.AR5
AFW,Africa Western and Central,5702.13488630478,0.527371718442601,2021,EN.GHG.CO2.PC.CE.AR5
AFE,Africa Eastern and Southern,4049.96951303993,0.899169592257325,2021,EN.GHG.CO2.PC.CE.AR5
