country,t_fert,t_mort,lambda_plateau,e0_start,e0_end,n_years
United Kingdom,1828.0,1875,40.86,38.6,81.0,216
Lithuania,1837.0,1882,42.9,28.9,74.7,216
United States,1847.0,1881,48.199999999999996,39.4,79.0,216
Israel,1852.0,1935,41.699999999999996,32.0,82.7,216
Greece,1853.0,1904,45.0,36.6,80.9,216
Latvia,1858.0,1876,36.63333333333333,33.0,75.1,216
Estonia,1865.0,1869,41.03333333333333,36.1,77.8,216
Poland,1865.0,1902,43.46666666666667,35.9,77.6,216
Sweden,1866.0,1813,31.5,32.2,82.5,216
Australia,1867.0,1880,44.833333333333336,34.0,82.7,216
Canada,1868.0,1878,40.0,39.0,82.3,216
Iceland,1868.0,1805,34.7,42.9,83.7,216
Ireland,1873.0,1850,30.4,38.3,81.7,216
France,1875.0,1817,29.066666666666666,34.0,82.5,216
Czech Republic,1877.0,1901,42.6,35.0,79.0,216
New Zealand,1882.0,1882,37.0,34.0,81.7,216
Switzerland,1883.0,1882,30.0,38.0,83.6,216
Cyprus,1884.0,1904,42.0,38.5,80.5,216
Italy,1885.0,1883,38.4,29.7,82.7,216
Austria,1887.0,1896,36.1,34.4,81.6,216
Belgium,1889.0,1874,34.46666666666667,40.0,81.1,216
Norway,1890.0,1814,29.380000000000003,37.9,82.4,216
Uruguay,1895.0,1929,41.56666666666667,32.9,77.1,216
Belarus,1895.0,1922,48.1,36.2,73.7,216
Hungary,1896.0,1921,36.6,36.0,75.9,216
Montenegro,1897.0,1922,41.2,35.4,75.3,216
Netherlands,1898.0,1875,36.1,39.9,81.7,216
Germany,1898.0,1899,37.96666666666667,38.4,80.9,216
Slovak Republic,1900.0,1912,41.4,36.4,76.8,216
Ukraine,1901.0,1922,51.3,36.6,72.5,216
Denmark,1901.0,1835,30.28,37.4,81.0,216
Croatia,1902.0,1922,40.2,36.1,77.7,216
Argentina,1902.0,1902,46.9,33.2,76.5,216
North Macedonia,1903.0,1924,41.2,36.1,74.0,216
Serbia,1903.0,1918,41.2,35.5,75.1,216
Luxembourg,1904.0,1889,34.0,36.9,82.3,216
Spain,1906.0,1899,36.3,29.5,82.8,216
Georgia,1911.0,1903,53.2,31.9,73.3,216
Finland,1911.0,1812,36.12,36.6,81.7,216
Russia,1912.0,1904,48.1,29.6,71.5,216
Slovenia,1912.0,1922,34.93333333333333,36.6,81.0,216
Romania,1916.0,1927,36.8,35.7,75.3,216
Bulgaria,1922.0,1901,36.5,35.8,73.2,216
Moldova,1922.0,1931,44.3,33.1,72.1,216
Barbados,1923.0,1924,36.800000000000004,32.1,76.5,216
Azerbaijan,1924.0,1925,55.1,29.2,70.2,216
Cuba,1925.0,1878,40.4,32.2,78.4,216
Chile,1926.0,1928,41.7,32.0,79.6,216
Portugal,1929.0,1927,32.3,35.6,81.5,216
Armenia,1929.0,1903,53.379999999999995,34.0,75.1,216
Kyrgyz Republic,1930.0,1904,45.5,23.9,71.9,216
Sri Lanka,1931.0,1923,39.8,32.6,76.4,216
Gabon,1932.0,1912,45.0,30.6,66.3,216
Bahamas,1934.0,1925,41.2,35.2,73.3,216
Japan,1934.0,1921,31.26,36.4,84.3,216
Kazakhstan,1936.0,1895,44.6,26.2,70.6,216
North Korea,1944.0,1922,42.4,26.0,72.2,216
Malta,1948.0,1883,38.6,28.7,82.2,216
Guinea-Bissau,1950.0,1939,49.7,32.0,58.8,216
Bosnia and Herzegovina,1953.0,1924,41.2,35.1,76.5,216
Philippines,1954.0,1906,45.08,30.9,70.9,216
Iraq,1954.0,1892,49.0,31.2,70.7,216
Brunei,1955.0,1921,48.5,29.2,74.0,216
Belize,1958.0,1920,46.2,26.5,74.2,216
Singapore,1958.0,1921,38.4,29.1,84.1,216
"Micronesia, Fed. Sts.",1959.0,1927,41.9,26.7,64.0,216
Qatar,1959.0,1934,48.0,30.8,75.5,216
"Hong Kong, China",1961.0,1923,38.4,34.9,83.7,216
India,1961.0,1921,41.5,25.4,69.4,216
Turkey,1961.0,1918,47.6,35.0,77.4,216
Costa Rica,1962.0,1904,47.7,30.2,80.2,216
Egypt,1962.0,1948,42.2,33.0,69.9,216
Trinidad and Tobago,1962.0,1844,31.9,32.9,74.9,216
Ecuador,1962.0,1942,48.0,32.9,75.9,216
Nicaragua,1962.0,1927,42.8,25.4,74.9,216
Uzbekistan,1963.0,1901,40.0,26.9,67.3,216
Myanmar,1963.0,1950,42.0,30.8,67.7,216
Samoa,1963.0,1921,48.0,25.4,70.1,216
South Korea,1963.0,1922,41.8,25.8,82.6,216
Grenada,1963.0,1844,40.6,31.4,73.1,216
Brazil,1963.0,1940,43.4,32.0,75.0,216
Fiji,1963.0,1878,44.6,26.1,68.0,216
Guyana,1963.0,1925,35.5,31.1,66.4,216
Vanuatu,1964.0,1936,45.6,24.3,65.0,216
South Africa,1964.0,1921,44.8,33.5,62.3,216
Tonga,1964.0,1924,45.0,28.2,72.6,216
St. Lucia,1964.0,1925,38.8,28.0,75.6,216
Suriname,1964.0,1930,45.5,32.9,72.5,216
Iran,1964.0,1943,48.6,25.6,76.7,216
Malaysia,1964.0,1933,38.3,30.6,75.0,216
Lebanon,1964.0,1942,40.1,29.7,75.9,216
Dominican Republic,1964.0,1921,42.8,29.9,72.0,216
Kiribati,1965.0,1935,39.7,24.9,59.9,216
Guatemala,1965.0,1937,44.6,25.8,71.8,216
Mauritius,1965.0,1846,35.6,28.7,75.2,216
Albania,1965.0,1932,32.9,35.4,78.1,216
Paraguay,1965.0,1935,44.9,35.5,76.5,216
St. Vincent and the Grenadines,1965.0,1925,45.2,26.0,72.6,216
Tajikistan,1965.0,1903,41.0,24.2,68.6,216
United Arab Emirates,1965.0,1902,47.8,30.7,73.2,216
Antigua and Barbuda,1965.0,1925,35.46666666666667,33.5,76.0,216
Bahrain,1966.0,1927,48.3,30.3,76.8,216
Colombia,1966.0,1934,43.0,32.0,79.7,216
Turkmenistan,1966.0,1905,43.2,24.0,70.0,216
Cape Verde,1967.0,1922,44.6,33.8,74.9,216
Vietnam,1967.0,1937,33.5,32.0,73.9,216
Venezuela,1967.0,1937,39.620000000000005,32.2,75.7,216
Morocco,1967.0,1943,45.0,33.1,72.5,216
Sao Tome and Principe,1968.0,1938,43.3,31.0,70.0,216
Nepal,1968.0,1940,42.7,32.8,69.3,216
Indonesia,1968.0,1931,42.2,30.0,70.4,216
China,1969.0,1924,38.6,32.0,76.8,216
Jamaica,1969.0,1924,36.3,34.2,76.1,216
Thailand,1969.0,1932,44.0,30.4,78.2,216
Seychelles,1970.0,1888,36.5,37.0,73.4,216
Peru,1970.0,1949,47.0,35.7,79.4,216
Tunisia,1971.0,1822,44.3,28.8,77.0,216
El Salvador,1971.0,1935,41.2,28.7,73.4,216
Honduras,1971.0,1943,42.2,33.9,69.9,216
Panama,1971.0,1929,37.7,32.9,79.3,216
Bolivia,1972.0,1949,44.8,33.0,71.3,216
Mexico,1972.0,1921,46.9,26.9,75.7,216
Maldives,1972.0,1953,41.7,32.6,78.9,216
Algeria,1973.0,1871,48.1,28.8,75.4,216
Mongolia,1974.0,1947,41.4,31.8,67.7,216
Jordan,1974.0,1921,48.0,31.7,78.2,216
Mauritania,1975.0,1921,44.0,32.0,69.6,216
Kuwait,1976.0,1926,47.3,26.0,81.5,216
Syria,1976.0,1936,47.2,31.1,65.5,216
Libya,1976.0,1915,49.4,33.1,74.6,216
Palestine,1978.0,1935,48.0,32.1,74.3,216
Saudi Arabia,1978.0,1921,47.3,32.1,73.3,216
Bhutan,1979.0,1921,46.0,28.8,72.3,216
Cote d'Ivoire,1979.0,1913,46.7,31.2,61.1,216
Bangladesh,1979.0,1929,46.2,25.5,73.6,216
Papua New Guinea,1980.0,1897,43.3,31.5,63.9,216
Djibouti,1981.0,1913,43.7,29.9,65.3,216
Ghana,1982.0,1926,44.5,28.0,64.2,216
Botswana,1983.0,1921,44.8,33.6,60.6,216
Solomon Islands,1983.0,1939,44.5,25.1,58.4,216
Zimbabwe,1984.0,1939,46.5,33.7,58.6,216
Lesotho,1985.0,1921,40.8,32.8,48.5,216
Haiti,1986.0,1942,43.8,29.0,62.2,216
Oman,1986.0,1934,47.4,32.3,72.4,216
Kenya,1986.0,1933,47.6,25.5,64.4,216
Namibia,1986.0,1907,41.5,32.4,63.5,216
"Congo, Rep.",1987.0,1945,39.7,32.7,63.5,216
Senegal,1987.0,1930,39.9,25.2,67.0,216
Sudan,1988.0,1939,45.9,31.4,69.0,216
Pakistan,1989.0,1915,45.5,25.8,64.4,216
Togo,1989.0,1921,44.0,31.3,62.4,216
Eswatini,1989.0,1944,46.3,32.3,54.9,216
Comoros,1989.0,1934,41.9,32.1,67.5,216
Tanzania,1989.0,1941,46.5,32.2,65.1,216
Cambodia,1989.0,1947,47.8,35.0,68.9,216
Rwanda,1990.0,1922,48.6,31.8,67.4,216
Eritrea,1990.0,1939,47.9,30.2,62.2,216
Malawi,1992.0,1947,46.7,30.3,62.0,216
Madagascar,1993.0,1933,47.4,30.5,64.2,216
Lao,1993.0,1947,42.6,31.9,67.6,216
Yemen,1993.0,1921,47.4,23.4,68.2,216
Central African Republic,1993.0,1914,45.0,30.0,49.7,216
Burundi,1994.0,1931,46.9,31.5,61.8,216
South Sudan,1994.0,1976,50.660000000000004,47.2,61.6,66
Zambia,1994.0,1928,46.3,32.6,60.8,216
Liberia,1994.0,1930,43.0,31.1,62.5,216
Gambia,1996.0,1889,45.0,28.8,65.4,216
Equatorial Guinea,1997.0,1933,38.7,29.8,64.8,216
Ethiopia,1998.0,1892,49.2,29.7,66.8,216
Cameroon,1999.0,1921,38.9,28.8,60.0,216
Benin,2001.0,1914,39.0,31.0,62.6,216
Guinea,2001.0,1924,42.5,29.5,58.5,216
Timor-Leste,2001.0,1900,45.1,28.9,70.3,216
Angola,2002.0,1897,47.8,27.0,63.5,216
Mozambique,2002.0,1902,45.8,30.3,55.8,216
Afghanistan,2003.0,1896,48.1,28.2,61.9,216
Niger,2005.0,1944,47.1,30.8,60.6,216
Nigeria,2005.0,1912,45.3,30.4,62.1,216
Sierra Leone,2007.0,1911,40.0,25.1,58.7,216
Burkina Faso,2007.0,1930,42.0,29.2,59.9,216
Uganda,2008.0,1934,47.4,25.3,63.9,216
Mali,2009.0,1921,43.3,26.4,59.9,216
Somalia,2011.0,1914,47.3,29.4,57.0,216
"Congo, Dem. Rep.",2012.0,1921,41.7,31.6,62.6,216
Chad,2013.0,1921,42.2,30.9,58.8,216
Taiwan,,1909,40.7,28.3,58.2,150
